T12750293,C64122,A6502789010,07-09-2024,Withdrawal,3043,GBP,11234.6,B582,Berlin,M7015,Merchant_94,POS6985,Credit,4.66016E+15,20,106930,719,Defaulted,Yes,POS,Germany,Compliant
T70472263,C18064,A6215698826,08-04-2024,Loan Repayment,329.39,GBP,9947.82,B142,London,M8008,Merchant_21,POS3084,Prepaid,4.46524E+15,64,37611,353,Defaulted,No,Offline,Germany,Compliant
T62748487,C64624,A1629899503,19-10-2022,Transfer,3708.77,INR,6051.41,B238,New York,M9043,Merchant_69,POS7392,Prepaid,4.13139E+15,51,185168,644,Defaulted,No,Offline,UK,Compliant
T28005991,C55017,A6945980720,14-09-2022,Withdrawal,1415.72,INR,10775.13,B297,London,M7560,Merchant_99,POS8178,Debit,4.04495E+15,44,57453,362,Active,Yes,ATM,Japan,Compliant
T52659939,C71639,A2135755485,20-11-2022,Bill Payment,1800.2,JPY,8238.05,B993,Berlin,M6228,Merchant_29,POS1912,Credit,4.7893E+15,64,161619,652,Not Applicable,Yes,POS,UK,Non-Compliant
T76094199,C57255,A4187721601,10-10-2023,Deposit,634.09,INR,2348.3,B320,Tokyo,M8171,Merchant_47,POS1300,Debit,4.63617E+15,30,195235,598,Not Applicable,Yes,Online,Japan,Compliant
T41071702,C15959,A9821075280,20-05-2020,ATM Withdrawal,1418.86,EUR,4143.43,B405,Berlin,M5765,Merchant_33,POS6409,Debit,4.89521E+15,45,103481,310,Not Applicable,Yes,Offline,USA,Non-Compliant
T60685431,C22504,A9348706150,23-06-2023,Deposit,2524.23,JPY,5701.18,B203,New York,M4284,Merchant_39,POS1152,Debit,4.94617E+15,75,190006,392,Not Applicable,Yes,Offline,India,Non-Compliant
T20813346,C30109,A5638827509,01-03-2023,Bill Payment,3776.61,USD,8799.07,B259,Berlin,M1677,Merchant_65,POS9726,Prepaid,4.91179E+15,23,65544,341,Not Applicable,Yes,POS,Japan,Compliant
T89606199,C55776,A3050628243,25-02-2021,Loan Repayment,1164.2,INR,10236.8,B842,Mumbai,M5004,Merchant_87,POS5982,Debit,4.56193E+15,58,173391,789,Closed,No,POS,USA,Compliant
T77046200,C52350,A3830438926,24-02-2023,Deposit,1402.88,GBP,8503.74,B823,New York,M9919,Merchant_58,POS3645,Credit,4.95466E+15,74,50622,725,Not Applicable,No,Offline,USA,Compliant
T37343863,C20773,A5213759708,07-02-2019,Online Purchase,4709.05,GBP,6716.36,B620,London,M9310,Merchant_53,POS5974,Prepaid,4.81888E+15,66,64683,564,Active,Yes,Online,India,Non-Compliant
T50200677,C47022,A5695717069,05-09-2020,Deposit,330.74,GBP,6893.75,B454,Tokyo,M7375,Merchant_83,POS3430,Debit,4.93551E+15,65,94941,508,Closed,Yes,ATM,UK,Non-Compliant
T16188212,C63419,A4057676298,04-02-2021,Withdrawal,3454.38,EUR,7691.89,B100,Berlin,M9412,Merchant_95,POS7611,Credit,4.17403E+15,69,131140,694,Not Applicable,No,ATM,Japan,Non-Compliant
T68928491,C51819,A7848758172,14-06-2022,ATM Withdrawal,339.96,JPY,7807.93,B638,London,M2266,Merchant_3,POS2052,Debit,4.69681E+15,72,43476,789,Closed,No,POS,Japan,Compliant
T57003248,C40176,A1872248287,21-12-2021,ATM Withdrawal,1094.04,INR,5291.86,B649,Mumbai,M7146,Merchant_45,POS4281,Debit,4.93719E+15,50,194267,639,Active,Yes,Offline,Germany,Non-Compliant
T71201530,C88611,A6287679625,01-12-2022,ATM Withdrawal,309.65,EUR,7401.2,B169,Mumbai,M6015,Merchant_90,POS5760,Credit,4.7516E+15,46,183602,335,Defaulted,Yes,Online,Germany,Compliant
T75582322,C34958,A3145777612,25-02-2022,Withdrawal,2293.35,USD,11082.04,B952,Mumbai,M2946,Merchant_1,POS4607,Debit,4.62007E+15,57,190203,730,Closed,Yes,ATM,Germany,Compliant
T61703164,C81222,A7475614852,07-07-2024,Deposit,4816.97,EUR,6544,B250,Tokyo,M6077,Merchant_85,POS2815,Credit,4.28283E+15,67,129611,628,Active,No,Online,USA,Compliant
T25789482,C24428,A7105629245,06-02-2021,ATM Withdrawal,1694.86,EUR,10592.35,B834,London,M9930,Merchant_36,POS4224,Credit,4.27142E+15,66,140096,609,Closed,No,Online,Germany,Compliant
T17736781,C81679,A5181069569,15-04-2021,Loan Repayment,4585.3,JPY,10340.14,B851,London,M7762,Merchant_79,POS2186,Prepaid,4.03711E+15,70,33643,816,Closed,No,ATM,India,Compliant
T81265715,C85280,A4404822000,28-12-2020,Online Purchase,3587.56,JPY,8762.65,B731,Tokyo,M7727,Merchant_14,POS1420,Debit,4.23755E+15,28,88131,436,Defaulted,No,Online,UK,Non-Compliant
T64624501,C84786,A9710067098,07-10-2022,Deposit,3834.74,JPY,5303.09,B597,Tokyo,M8187,Merchant_9,POS4516,Debit,4.77662E+15,31,181591,820,Closed,No,POS,UK,Compliant
T74465447,C21731,A4153348868,18-10-2024,Bill Payment,373.28,INR,4499.95,B842,New York,M2051,Merchant_75,POS5197,Prepaid,4.47128E+15,24,34014,301,Not Applicable,Yes,Online,India,Non-Compliant
T38241078,C39298,A1331234824,22-10-2019,Bill Payment,2628.58,JPY,4968.94,B513,New York,M3731,Merchant_86,POS7007,Prepaid,4.65271E+15,32,101406,772,Defaulted,No,Online,Japan,Compliant
T92492959,C54103,A3226549840,26-08-2024,Deposit,2953.31,JPY,10091.49,B482,London,M7521,Merchant_81,POS9563,Prepaid,4.92094E+15,72,103050,776,Defaulted,No,POS,UK,Non-Compliant
T24017208,C97888,A4239932360,15-02-2023,Transfer,1497.89,USD,5403.34,B488,Tokyo,M8656,Merchant_36,POS4442,Prepaid,4.57992E+15,68,23196,367,Active,No,ATM,India,Compliant
T15458265,C69180,A4393680146,04-04-2023,Online Purchase,1874.72,USD,2697.55,B331,Berlin,M4682,Merchant_76,POS4287,Credit,4.45708E+15,55,117991,455,Active,Yes,POS,India,Non-Compliant
T44090155,C22854,A2391748767,17-09-2024,Bill Payment,559.9,GBP,2038.23,B853,Tokyo,M1097,Merchant_79,POS9094,Prepaid,4.68223E+15,26,112717,656,Closed,No,ATM,UK,Compliant
T50776936,C49958,A2487226233,03-07-2021,ATM Withdrawal,4839.43,INR,9851.33,B280,Tokyo,M8367,Merchant_95,POS6704,Prepaid,4.38203E+15,62,49366,582,Active,No,Online,India,Compliant
T64249213,C94397,A4309612001,19-05-2024,Transfer,4554.33,USD,11805.17,B559,Berlin,M6542,Merchant_66,POS6162,Credit,4.81046E+15,49,35255,566,Defaulted,No,ATM,Germany,Compliant
T74326480,C40374,A6668073216,10-03-2020,Loan Repayment,4190.34,EUR,9719.99,B856,Mumbai,M3147,Merchant_1,POS7564,Credit,4.68225E+15,53,187799,585,Not Applicable,Yes,Offline,India,Non-Compliant
T53539742,C39597,A1717455326,21-09-2022,ATM Withdrawal,1765.21,JPY,4709.77,B285,Mumbai,M8071,Merchant_81,POS5299,Prepaid,4.74224E+15,30,121595,624,Not Applicable,No,Offline,India,Compliant
T94914697,C11390,A3116320680,09-05-2022,Transfer,3912.47,EUR,10218.96,B556,London,M2776,Merchant_89,POS8356,Debit,4.46591E+15,29,116827,301,Active,Yes,Online,Germany,Non-Compliant
T55776551,C14871,A5067163498,14-05-2021,Deposit,2954.2,INR,11180.8,B903,London,M4743,Merchant_91,POS6202,Credit,4.94506E+15,27,70486,606,Defaulted,No,Online,UK,Non-Compliant
T90936719,C58526,A2139007529,17-02-2021,Withdrawal,2225.78,JPY,6553.72,B584,Berlin,M4668,Merchant_18,POS2168,Credit,4.94706E+15,65,60026,822,Not Applicable,No,POS,Japan,Non-Compliant
T60420033,C99392,A3170004120,13-05-2019,Deposit,2718.24,EUR,8393.79,B423,New York,M7004,Merchant_2,POS6725,Credit,4.47484E+15,41,143267,843,Closed,No,Offline,Germany,Compliant
T45014414,C23779,A1967930864,03-03-2020,Bill Payment,1876.12,GBP,5446.96,B678,New York,M9691,Merchant_15,POS8076,Credit,4.86538E+15,20,134373,399,Defaulted,Yes,Online,Germany,Compliant
T73073566,C40760,A6123920318,19-07-2022,Deposit,2072.11,JPY,7702.1,B889,London,M9004,Merchant_14,POS6177,Credit,4.539E+15,43,78075,413,Not Applicable,Yes,POS,India,Non-Compliant
T38111944,C42035,A6688718514,07-08-2021,Loan Repayment,2965.72,GBP,10669.32,B890,Mumbai,M8658,Merchant_23,POS5829,Credit,4.22481E+15,43,69102,486,Closed,No,POS,India,Non-Compliant
T60421457,C67970,A6656651913,26-10-2023,Withdrawal,4724.02,JPY,10152.94,B101,London,M2336,Merchant_2,POS3952,Debit,4.91201E+15,73,47563,785,Defaulted,Yes,POS,Germany,Compliant
T48988173,C86953,A5682827194,16-02-2022,Deposit,775.49,USD,3370,B509,London,M9697,Merchant_55,POS2969,Credit,4.20745E+15,20,126332,657,Defaulted,Yes,POS,India,Non-Compliant
T84317967,C61711,A3928099094,28-12-2023,Transfer,3824.37,USD,9943.73,B804,Tokyo,M5809,Merchant_98,POS9521,Credit,4.87819E+15,54,83330,747,Active,Yes,ATM,UK,Compliant
T63177358,C31934,A3043223659,04-05-2023,Deposit,4516.8,EUR,6221.75,B429,Berlin,M9195,Merchant_59,POS1338,Debit,4.40317E+15,31,148767,316,Defaulted,Yes,Offline,India,Non-Compliant
T38617504,C58026,A6038994145,09-10-2024,Bill Payment,4759.58,JPY,10330.24,B461,Mumbai,M9314,Merchant_84,POS7470,Debit,4.19149E+15,28,177310,461,Not Applicable,Yes,Offline,Japan,Non-Compliant
T99859479,C22682,A8605969285,10-01-2021,Bill Payment,2490.47,GBP,6917.53,B309,London,M1602,Merchant_44,POS3006,Credit,4.40828E+15,23,197015,849,Defaulted,Yes,ATM,India,Non-Compliant
T77779654,C67699,A5207356108,12-06-2021,Online Purchase,3858.16,JPY,9377.27,B278,New York,M3560,Merchant_25,POS6052,Debit,4.17515E+15,24,174560,334,Active,No,Online,UK,Non-Compliant
T63670973,C64160,A9052479162,11-07-2020,Bill Payment,1511.09,EUR,2814.93,B387,Berlin,M2583,Merchant_91,POS8622,Credit,4.43451E+15,51,114700,666,Not Applicable,No,POS,Germany,Compliant
T46668379,C20888,A5203856808,17-11-2019,Bill Payment,3644.79,INR,10688.76,B133,Tokyo,M6412,Merchant_23,POS7449,Debit,4.26015E+15,38,136124,634,Closed,Yes,Online,Germany,Non-Compliant
T49418540,C27882,A8299047994,24-01-2020,Loan Repayment,3698.03,USD,4573.12,B853,Tokyo,M9008,Merchant_43,POS5952,Prepaid,4.49898E+15,70,63316,604,Defaulted,Yes,ATM,UK,Non-Compliant
T16047486,C11232,A3620603137,25-07-2023,Deposit,2149.94,USD,10822.25,B917,New York,M9849,Merchant_91,POS8987,Prepaid,4.2142E+15,61,84595,304,Closed,Yes,Online,Germany,Compliant
T41024543,C88969,A9186383457,07-10-2024,Withdrawal,3830.71,INR,7908.87,B505,Mumbai,M9094,Merchant_77,POS8016,Credit,4.09605E+15,21,97146,490,Active,No,Offline,USA,Non-Compliant
T60643289,C85804,A7020058261,09-02-2024,ATM Withdrawal,1364.93,USD,4674.71,B830,New York,M2588,Merchant_37,POS6599,Debit,4.92963E+15,25,149427,336,Closed,Yes,ATM,Germany,Non-Compliant
T61205023,C12434,A3335352382,15-10-2022,ATM Withdrawal,4835.62,INR,13351.68,B394,Mumbai,M6607,Merchant_72,POS3739,Credit,4.87098E+15,46,81977,557,Defaulted,Yes,ATM,India,Non-Compliant
T62947059,C22953,A3212804922,21-07-2023,ATM Withdrawal,1700.03,JPY,6978.27,B710,Tokyo,M6963,Merchant_72,POS2323,Prepaid,4.96547E+15,53,28480,765,Active,Yes,Online,Japan,Non-Compliant
T82868909,C84381,A8379206916,06-04-2022,ATM Withdrawal,754.13,EUR,6300.23,B458,Tokyo,M3493,Merchant_79,POS4438,Credit,4.65935E+15,41,161413,468,Active,No,Online,UK,Compliant
T21816070,C18174,A4229119828,16-06-2022,Loan Repayment,400.5,INR,8246.51,B125,London,M6128,Merchant_58,POS5934,Credit,4.78811E+15,45,92168,611,Active,No,Online,USA,Non-Compliant
T66846507,C38354,A8396037745,27-01-2022,Transfer,125.9,USD,2025.46,B516,Tokyo,M9606,Merchant_57,POS1865,Credit,4.77364E+15,22,105126,483,Active,Yes,ATM,Japan,Compliant
T92855468,C94202,A6818833325,03-01-2022,ATM Withdrawal,964.46,GBP,9052.06,B644,New York,M4958,Merchant_73,POS6572,Debit,4.6709E+15,40,160949,346,Active,Yes,Online,Japan,Non-Compliant
T85639986,C52233,A2358499884,03-06-2021,Bill Payment,4043.3,GBP,9820.87,B896,Tokyo,M1857,Merchant_33,POS2177,Credit,4.76887E+15,52,128095,354,Closed,No,Online,India,Non-Compliant
T46967872,C27893,A1289371907,13-01-2023,Deposit,46.83,USD,1190.71,B242,Tokyo,M7955,Merchant_10,POS3781,Prepaid,4.03231E+15,66,185328,634,Not Applicable,Yes,Online,India,Non-Compliant
T13081955,C82378,A3352257085,18-02-2024,Transfer,872.3,GBP,6096.4,B552,New York,M2658,Merchant_75,POS4368,Credit,4.54732E+15,68,77592,313,Defaulted,Yes,Offline,India,Compliant
T99981092,C73715,A8605512198,25-09-2024,ATM Withdrawal,4041.06,USD,13755.37,B793,Tokyo,M5529,Merchant_43,POS6864,Credit,4.58863E+15,64,197108,469,Defaulted,Yes,ATM,Germany,Compliant
T25627747,C92798,A6619441609,17-12-2022,Loan Repayment,543.23,EUR,8371.28,B670,London,M1386,Merchant_34,POS5132,Prepaid,4.08867E+15,29,137255,333,Defaulted,No,Offline,Germany,Non-Compliant
T99595833,C35576,A8745117045,09-01-2023,Loan Repayment,4270.23,EUR,10436.85,B346,Tokyo,M9894,Merchant_99,POS5829,Credit,4.58579E+15,66,83319,693,Defaulted,Yes,POS,Japan,Compliant
T73219293,C83061,A8726390176,23-09-2019,Online Purchase,4801.18,USD,12344.22,B807,London,M3249,Merchant_83,POS3421,Credit,4.52559E+15,32,96704,531,Defaulted,Yes,Online,India,Compliant
T19445681,C88975,A7276160315,16-04-2019,Online Purchase,3489.53,EUR,6245.2,B189,London,M8900,Merchant_62,POS5845,Debit,4.23584E+15,28,168310,609,Not Applicable,No,Online,Japan,Compliant
T98519395,C46127,A6594584216,23-11-2020,Transfer,664.97,USD,2351.97,B398,Mumbai,M5188,Merchant_99,POS2386,Prepaid,4.19334E+15,33,139487,507,Not Applicable,Yes,Offline,USA,Compliant
T18962702,C78180,A8522705485,07-01-2022,Withdrawal,838.48,USD,7291.79,B888,Berlin,M5293,Merchant_23,POS1349,Debit,4.99412E+15,52,34841,566,Not Applicable,No,ATM,USA,Compliant
T75388136,C98171,A2453250094,05-11-2023,Loan Repayment,3802.45,EUR,13765.26,B662,London,M6645,Merchant_31,POS3012,Credit,4.68492E+15,62,95895,779,Defaulted,Yes,Online,India,Non-Compliant
T11822800,C21381,A6638056636,06-07-2019,Transfer,1582.61,GBP,3334.94,B661,London,M2447,Merchant_8,POS3455,Debit,4.15061E+15,35,72315,585,Active,Yes,ATM,UK,Compliant
T49920417,C25674,A7469499709,25-10-2021,Transfer,3686.77,GBP,12597.26,B204,London,M2687,Merchant_80,POS2657,Prepaid,4.97867E+15,63,89625,613,Closed,Yes,POS,Germany,Compliant
T79440581,C14739,A7715345868,20-12-2024,ATM Withdrawal,3715.05,GBP,5027.2,B542,Tokyo,M1856,Merchant_19,POS7365,Debit,4.77943E+15,71,159219,674,Active,Yes,Offline,UK,Compliant
T16803775,C12529,A1552794939,13-12-2021,ATM Withdrawal,2443.99,JPY,4529.28,B971,London,M5351,Merchant_20,POS1817,Prepaid,4.89052E+15,56,120341,737,Active,Yes,Online,Japan,Compliant
T89816271,C58307,A5824147527,12-08-2023,Withdrawal,1244.2,GBP,6356.46,B881,London,M6816,Merchant_79,POS7870,Credit,4.35234E+15,35,196689,424,Closed,Yes,ATM,India,Compliant
T65072357,C17916,A6633158824,05-03-2022,Bill Payment,1380.74,JPY,10721.44,B166,New York,M7776,Merchant_47,POS9208,Credit,4.23048E+15,33,131283,823,Not Applicable,Yes,Online,Germany,Non-Compliant
T30860749,C78258,A2766022195,07-11-2022,Withdrawal,1887.3,JPY,10562.8,B104,Berlin,M6567,Merchant_11,POS7247,Debit,4.94196E+15,23,187311,588,Not Applicable,No,Offline,USA,Non-Compliant
T84101825,C81396,A9116140500,23-06-2019,Online Purchase,1837.48,INR,10200.33,B767,Mumbai,M7727,Merchant_23,POS9276,Credit,4.25816E+15,30,120978,759,Active,Yes,ATM,Japan,Non-Compliant
T43813067,C68598,A8920160759,20-06-2022,Bill Payment,4298.14,USD,8866.3,B909,London,M2730,Merchant_77,POS1274,Debit,4.57922E+15,72,50821,827,Defaulted,No,ATM,Germany,Non-Compliant
T19264491,C57229,A6021841070,28-10-2020,Loan Repayment,4396.96,JPY,11243.95,B739,Mumbai,M4584,Merchant_62,POS6068,Prepaid,4.16852E+15,67,102373,336,Defaulted,Yes,Offline,India,Compliant
T27426796,C45292,A9822881681,18-04-2022,ATM Withdrawal,238.52,JPY,6966.04,B299,Tokyo,M7096,Merchant_91,POS4152,Credit,4.13118E+15,22,174119,831,Closed,Yes,ATM,Germany,Non-Compliant
T31809805,C23189,A3732485471,12-01-2022,Online Purchase,1783.62,JPY,9784.02,B776,Tokyo,M9431,Merchant_4,POS4969,Prepaid,4.0061E+15,26,77494,437,Closed,Yes,Online,Japan,Non-Compliant
T31186191,C96654,A7997019625,19-04-2023,Transfer,2122.9,USD,3624.68,B922,London,M6998,Merchant_99,POS2561,Debit,4.06345E+15,41,69678,752,Closed,Yes,POS,Japan,Compliant
T31648572,C43996,A3119163354,24-09-2021,Loan Repayment,1116.26,GBP,8901.89,B429,Mumbai,M1567,Merchant_89,POS8403,Prepaid,4.57846E+15,20,38242,319,Not Applicable,No,Offline,UK,Compliant
T88613621,C59238,A1355619553,02-09-2022,Bill Payment,3060.44,JPY,11499.38,B711,London,M7232,Merchant_51,POS4225,Debit,4.09514E+15,73,75831,516,Not Applicable,No,Online,USA,Non-Compliant
T10300902,C39214,A3709739661,16-05-2023,ATM Withdrawal,1795.33,JPY,2454.63,B792,Mumbai,M1991,Merchant_28,POS6898,Debit,4.40714E+15,35,72073,522,Active,No,ATM,Japan,Compliant
T90591025,C18753,A7311190774,03-04-2023,Bill Payment,3285.71,INR,3927.19,B557,Mumbai,M3210,Merchant_14,POS1954,Prepaid,4.65854E+15,51,157516,484,Active,Yes,POS,India,Non-Compliant
T42128748,C76002,A9793778702,11-09-2020,Loan Repayment,2966.06,JPY,8338.39,B260,Mumbai,M3553,Merchant_6,POS6287,Credit,4.86296E+15,52,87125,648,Not Applicable,Yes,ATM,Japan,Compliant
T18832304,C41933,A9513995728,02-07-2021,Transfer,269.32,INR,8653.17,B465,Mumbai,M7999,Merchant_98,POS7055,Debit,4.3129E+15,57,106111,589,Not Applicable,No,POS,Japan,Compliant
T61285290,C48724,A3615063752,17-07-2019,Online Purchase,724.66,USD,4714.78,B952,New York,M3706,Merchant_87,POS5094,Prepaid,4.46802E+15,36,93416,322,Defaulted,Yes,POS,Japan,Compliant
T72138237,C40031,A6312180046,16-10-2024,Transfer,3282.34,JPY,5945.05,B365,Berlin,M6908,Merchant_12,POS2039,Credit,4.70677E+15,48,197760,603,Closed,No,POS,Germany,Compliant
T57872663,C98802,A1606597404,04-11-2021,Loan Repayment,3696.07,USD,5292.04,B569,London,M9428,Merchant_35,POS3605,Debit,4.04834E+15,42,61317,786,Closed,No,Offline,India,Compliant
T33623905,C76489,A8107546412,05-11-2024,Withdrawal,1969.77,GBP,10079.91,B366,New York,M7565,Merchant_12,POS6685,Prepaid,4.7864E+15,52,86672,513,Defaulted,No,Online,USA,Compliant
T46891052,C79772,A7874785472,11-03-2020,ATM Withdrawal,900.42,INR,7222.89,B246,Berlin,M6408,Merchant_98,POS4344,Debit,4.53932E+15,70,127622,557,Defaulted,Yes,Offline,India,Compliant
T83919947,C79941,A3795689249,08-07-2023,Online Purchase,584.89,USD,3219.52,B998,Mumbai,M8231,Merchant_2,POS1799,Debit,4.66151E+15,45,101545,695,Not Applicable,No,POS,UK,Compliant
T56042885,C67812,A6357326670,22-04-2020,Loan Repayment,3997.41,INR,7709.12,B266,New York,M5972,Merchant_9,POS4455,Debit,4.65204E+15,18,117991,779,Active,No,POS,India,Compliant
T99953515,C85064,A2642415370,09-10-2021,Withdrawal,101.38,GBP,873.19,B825,Berlin,M6326,Merchant_83,POS8836,Credit,4.72752E+15,36,20830,534,Active,No,POS,Japan,Non-Compliant
T91877774,C91556,A5720196561,14-11-2024,Transfer,593.58,INR,3996.3,B108,London,M6338,Merchant_46,POS5792,Credit,4.87069E+15,74,136516,419,Not Applicable,No,POS,UK,Compliant
T58230945,C26864,A8039790992,25-11-2023,Online Purchase,1340.96,INR,7247.51,B229,Tokyo,M6844,Merchant_91,POS1444,Credit,4.12615E+15,51,177493,383,Not Applicable,Yes,Offline,Germany,Non-Compliant
T19249245,C93786,A3281832098,22-09-2019,Bill Payment,2479.76,USD,3236.43,B522,London,M4033,Merchant_74,POS3515,Debit,4.13382E+15,66,40111,759,Not Applicable,No,ATM,Germany,Compliant
T68314813,C29996,A2617053390,13-01-2019,Bill Payment,4868.68,EUR,10527.67,B297,New York,M9632,Merchant_93,POS2160,Credit,4.55099E+15,24,101030,549,Not Applicable,No,ATM,USA,Compliant
T58749822,C89446,A3718609388,13-01-2019,ATM Withdrawal,3509.38,JPY,5729.49,B100,Berlin,M7331,Merchant_27,POS1622,Credit,4.66237E+15,29,38163,622,Closed,No,Online,Germany,Compliant
T25749913,C54331,A7879904814,24-05-2020,Deposit,524.6,INR,2584.1,B223,Berlin,M5281,Merchant_26,POS6903,Debit,4.82022E+15,48,104711,369,Not Applicable,No,Online,India,Non-Compliant
T85092079,C30634,A9553944410,01-11-2021,Loan Repayment,863.25,JPY,3295.9,B149,Berlin,M8298,Merchant_6,POS9354,Prepaid,4.31579E+15,28,110896,376,Defaulted,No,POS,UK,Non-Compliant
T36922220,C95859,A7132488851,21-12-2019,Deposit,4028.24,JPY,11902.43,B896,London,M4520,Merchant_11,POS4612,Debit,4.50058E+15,27,131118,526,Closed,Yes,Offline,Germany,Non-Compliant
T13502139,C59812,A3545186766,19-11-2023,Bill Payment,3275.56,INR,7038.1,B193,New York,M4749,Merchant_83,POS7520,Credit,4.21323E+15,48,122741,491,Not Applicable,Yes,Offline,UK,Non-Compliant
T36242775,C79385,A9961338151,19-07-2019,Withdrawal,1468.35,GBP,2963.25,B444,New York,M9249,Merchant_98,POS7437,Debit,4.7936E+15,44,81625,629,Active,Yes,Offline,Germany,Non-Compliant
T47555926,C27479,A2069549565,18-02-2019,Bill Payment,661.21,JPY,3861.65,B448,Berlin,M6056,Merchant_81,POS7317,Debit,4.19788E+15,19,160408,530,Closed,No,ATM,Japan,Compliant
T69615516,C32670,A9145033034,18-09-2019,Bill Payment,3241.88,GBP,8994.49,B957,London,M1957,Merchant_20,POS3903,Debit,4.34787E+15,48,119074,381,Not Applicable,Yes,ATM,Germany,Non-Compliant
T40062250,C52123,A8822367620,26-03-2024,ATM Withdrawal,1901.13,EUR,5842.89,B232,London,M2511,Merchant_64,POS4176,Debit,4.57083E+15,33,121004,702,Not Applicable,Yes,ATM,Germany,Non-Compliant
T54510235,C87621,A1403030024,22-05-2023,Bill Payment,1052.33,GBP,6213.59,B631,New York,M9206,Merchant_12,POS2227,Debit,4.41883E+15,33,81455,821,Not Applicable,No,POS,USA,Compliant
T66683459,C78593,A6658682782,08-12-2022,Withdrawal,1365.43,EUR,5046.06,B302,New York,M6281,Merchant_51,POS8608,Credit,4.55141E+15,39,158622,398,Active,Yes,Online,India,Compliant
T73887087,C97728,A7807592133,06-01-2022,Bill Payment,2718.75,INR,4774.63,B607,Berlin,M7055,Merchant_47,POS2951,Prepaid,4.42531E+15,27,180070,831,Defaulted,No,POS,USA,Compliant
T43846089,C72523,A9181075301,02-11-2023,Online Purchase,2188.45,USD,5406.77,B176,New York,M4564,Merchant_51,POS4441,Prepaid,4.61315E+15,75,27668,436,Active,No,POS,India,Compliant
T90277246,C41142,A4799331618,03-01-2022,Bill Payment,3169.71,JPY,10660.36,B585,Berlin,M4251,Merchant_99,POS1627,Debit,4.50924E+15,23,149103,425,Closed,Yes,POS,Germany,Non-Compliant
T29806537,C79965,A9012932226,20-03-2019,Loan Repayment,649.79,GBP,6024.56,B997,Tokyo,M3927,Merchant_68,POS9380,Prepaid,4.65575E+15,32,113536,620,Active,No,Offline,USA,Non-Compliant
T71825702,C22665,A4373427134,26-07-2020,Deposit,3201.49,INR,12694.04,B674,Berlin,M5716,Merchant_21,POS4134,Debit,4.05386E+15,50,127765,405,Active,Yes,Online,UK,Compliant
T21087057,C47907,A6427080820,07-05-2023,Bill Payment,3690.1,JPY,6349.46,B532,London,M6582,Merchant_67,POS1409,Credit,4.51718E+15,24,63333,808,Not Applicable,Yes,ATM,UK,Non-Compliant
T85430659,C80745,A3458597665,18-04-2023,Withdrawal,4629.31,GBP,5597.51,B481,Mumbai,M1012,Merchant_15,POS3829,Credit,4.86928E+15,61,60607,785,Closed,Yes,Online,Germany,Compliant
T51663288,C40090,A2887342193,20-12-2023,Loan Repayment,2954.85,USD,9098.12,B589,Tokyo,M3820,Merchant_42,POS3026,Debit,4.36263E+15,48,65637,846,Not Applicable,Yes,ATM,Japan,Compliant
T36892514,C10354,A4817995048,10-06-2021,Deposit,377.09,INR,3627.13,B808,Mumbai,M3792,Merchant_29,POS7764,Credit,4.663E+15,23,139550,520,Active,Yes,Online,Japan,Non-Compliant
T50499790,C87186,A1699660846,06-04-2023,Withdrawal,1324.95,EUR,2675.85,B415,Mumbai,M6129,Merchant_95,POS6157,Debit,4.60298E+15,61,163382,515,Defaulted,No,Online,India,Compliant
T17338715,C48171,A7960360401,06-06-2022,Transfer,2067.15,USD,3042.54,B336,Berlin,M5678,Merchant_41,POS2424,Credit,4.92944E+15,73,139236,658,Closed,Yes,POS,UK,Non-Compliant
T27019632,C21397,A1749187707,21-02-2022,Online Purchase,602.91,EUR,5773.93,B233,London,M6379,Merchant_1,POS6355,Debit,4.83219E+15,39,160181,682,Active,Yes,ATM,Germany,Non-Compliant
T75535037,C48421,A4228211773,21-06-2022,Bill Payment,4404.32,GBP,12946.58,B944,New York,M2400,Merchant_45,POS4894,Prepaid,4.79086E+15,55,184931,739,Active,Yes,Online,India,Compliant
T55714373,C39261,A3523141509,02-09-2022,Withdrawal,94.65,USD,9106.04,B364,Tokyo,M3858,Merchant_82,POS7022,Prepaid,4.1028E+15,51,70283,615,Active,No,Offline,UK,Compliant
T21933777,C46406,A9152972676,18-05-2022,Withdrawal,3395.99,USD,4822.46,B431,London,M1897,Merchant_18,POS1164,Prepaid,4.15847E+15,26,81710,759,Defaulted,Yes,Online,USA,Non-Compliant
T34506973,C14105,A4847150496,03-08-2019,ATM Withdrawal,2050.92,INR,7910.45,B211,New York,M3928,Merchant_58,POS8036,Prepaid,4.27699E+15,66,43948,380,Not Applicable,No,Offline,Germany,Compliant
T61132176,C47913,A1213073905,14-10-2024,Deposit,3985.04,GBP,11461.27,B720,New York,M1076,Merchant_20,POS9057,Credit,4.02941E+15,53,107868,785,Closed,Yes,ATM,USA,Non-Compliant
T77530585,C88072,A2640077010,10-02-2024,Online Purchase,463.45,EUR,1316.84,B216,New York,M2135,Merchant_16,POS6102,Prepaid,4.38925E+15,28,90262,676,Defaulted,No,Online,Germany,Compliant
T50805872,C77237,A4219118848,27-07-2020,Loan Repayment,3938.92,GBP,12895.26,B922,Berlin,M3262,Merchant_7,POS1996,Prepaid,4.39304E+15,63,134872,527,Not Applicable,No,POS,Germany,Compliant
T94312048,C85260,A6460495129,04-10-2021,Online Purchase,2256.44,GBP,6498.02,B593,London,M2456,Merchant_89,POS5610,Debit,4.88328E+15,44,105877,610,Not Applicable,Yes,Offline,UK,Non-Compliant
T47698304,C27528,A9435897674,27-02-2021,Bill Payment,1791.96,INR,10213.86,B693,London,M5855,Merchant_74,POS6190,Prepaid,4.54856E+15,55,133344,630,Active,No,POS,India,Compliant
T13830769,C44190,A3059266416,14-05-2020,ATM Withdrawal,2153.4,USD,3715.14,B245,London,M1789,Merchant_37,POS8175,Prepaid,4.33527E+15,36,130105,392,Closed,No,Offline,Japan,Non-Compliant
T93444888,C69441,A7349310410,02-07-2020,ATM Withdrawal,2397.67,EUR,6148,B665,Tokyo,M5664,Merchant_22,POS3358,Prepaid,4.16301E+15,53,130719,340,Active,Yes,POS,USA,Non-Compliant
T73303180,C59114,A2868975834,22-09-2020,Online Purchase,140.62,EUR,5207.79,B394,Tokyo,M6544,Merchant_23,POS5778,Prepaid,4.16034E+15,63,76521,627,Closed,Yes,Online,UK,Compliant
T83850973,C22968,A8640111777,17-09-2021,Deposit,181.16,USD,6758.98,B744,Berlin,M5052,Merchant_28,POS2359,Debit,4.69855E+15,52,172207,470,Not Applicable,No,ATM,Japan,Compliant
T54716653,C83199,A2656352857,28-06-2020,Transfer,2416.09,JPY,6302.57,B467,London,M1801,Merchant_85,POS3486,Prepaid,4.40767E+15,21,105687,388,Closed,Yes,Offline,Germany,Compliant
T12402846,C95077,A8974002485,28-07-2019,Loan Repayment,788.26,USD,9105.54,B264,Tokyo,M9217,Merchant_52,POS7157,Prepaid,4.75026E+15,47,31206,790,Closed,No,ATM,UK,Compliant
T33708878,C37413,A6205125971,08-07-2023,Deposit,1755.85,USD,6798.8,B369,London,M7615,Merchant_58,POS5521,Debit,4.0599E+15,64,51267,605,Defaulted,No,ATM,UK,Compliant
T24673739,C26685,A7991494487,24-09-2020,Loan Repayment,1224.87,JPY,4330.53,B427,Berlin,M8837,Merchant_76,POS3598,Prepaid,4.46021E+15,21,37499,393,Defaulted,No,Online,USA,Non-Compliant
T43857983,C43594,A6673803935,03-01-2019,Transfer,1581.93,GBP,3818.5,B287,New York,M7927,Merchant_82,POS3670,Debit,4.70075E+15,38,149423,729,Active,No,Online,UK,Non-Compliant
T52501464,C17456,A2496622733,01-02-2021,Deposit,2519.83,INR,5035.34,B455,Mumbai,M7645,Merchant_4,POS9911,Debit,4.00072E+15,71,152423,366,Defaulted,Yes,POS,UK,Compliant
T16479411,C40995,A6354798879,06-04-2021,Loan Repayment,4614.61,JPY,11270.45,B271,New York,M3475,Merchant_92,POS7494,Credit,4.8623E+15,34,177606,759,Closed,No,POS,India,Compliant
T38657963,C83446,A6785938364,13-12-2020,Deposit,4608.56,EUR,11220.99,B121,Berlin,M4279,Merchant_85,POS7852,Credit,4.29943E+15,65,51229,837,Not Applicable,Yes,Offline,Germany,Compliant
T64271360,C25872,A3957455280,03-05-2024,Online Purchase,1746.42,JPY,9588.29,B843,Berlin,M3881,Merchant_95,POS1723,Credit,4.89794E+15,31,173974,551,Closed,No,Online,UK,Non-Compliant
T76685205,C58181,A4540574995,24-12-2022,Transfer,4827.21,INR,11293.05,B562,New York,M1469,Merchant_22,POS1104,Credit,4.87449E+15,56,104529,823,Defaulted,Yes,Online,Japan,Non-Compliant
T16930485,C32515,A8132108812,15-07-2024,ATM Withdrawal,4211.78,JPY,10637.53,B592,Berlin,M5709,Merchant_74,POS7997,Prepaid,4.53529E+15,54,110619,538,Defaulted,No,Online,India,Compliant
T55962814,C49771,A1390339520,16-01-2020,Online Purchase,2440.21,GBP,7826.52,B943,London,M2022,Merchant_34,POS7287,Credit,4.65083E+15,25,169381,786,Defaulted,No,Offline,USA,Non-Compliant
T78820372,C88709,A6291168529,19-05-2023,Online Purchase,763.44,INR,6395.01,B423,Tokyo,M2598,Merchant_16,POS5039,Credit,4.74149E+15,52,167894,796,Defaulted,No,Online,UK,Compliant
T97216892,C54140,A1152523839,07-06-2022,Online Purchase,3613.46,JPY,11502.01,B895,Berlin,M2288,Merchant_57,POS4972,Credit,4.67782E+15,27,36683,371,Active,No,POS,Germany,Compliant
T45306407,C54425,A6251657454,15-12-2020,Transfer,4362.16,USD,9767.02,B285,London,M4743,Merchant_25,POS9459,Credit,4.92609E+15,47,73740,802,Defaulted,Yes,POS,USA,Non-Compliant
T12808081,C11605,A6189445838,01-11-2023,ATM Withdrawal,4553.4,GBP,13646.37,B609,New York,M2431,Merchant_98,POS4364,Credit,4.91561E+15,63,116657,439,Not Applicable,Yes,POS,USA,Non-Compliant
T91594210,C40611,A2999893817,15-03-2021,Online Purchase,1944.46,INR,5195.32,B678,London,M6856,Merchant_83,POS8930,Credit,4.91784E+15,51,199664,403,Defaulted,Yes,POS,Japan,Compliant
T11738830,C85017,A2378423196,24-12-2024,Withdrawal,4185.73,EUR,14086.71,B693,Mumbai,M6630,Merchant_32,POS4280,Credit,4.29441E+15,62,139567,566,Closed,Yes,ATM,USA,Compliant
T66591899,C91236,A2081336547,18-03-2020,Transfer,3366.11,USD,5115.96,B718,London,M2886,Merchant_15,POS6662,Debit,4.8992E+15,55,110226,668,Not Applicable,No,Online,Germany,Non-Compliant
T32090259,C40996,A8616698713,26-12-2019,Deposit,1079.83,INR,10022.95,B634,Mumbai,M4611,Merchant_82,POS7221,Debit,4.11263E+15,57,175420,581,Closed,No,Online,Germany,Non-Compliant
T63675177,C43028,A4764005891,20-07-2024,ATM Withdrawal,2825.44,INR,10001.98,B495,London,M2657,Merchant_86,POS2307,Prepaid,4.64431E+15,20,121959,722,Not Applicable,Yes,ATM,India,Non-Compliant
T22923389,C59598,A3456582853,21-01-2024,Transfer,2045.01,JPY,9048.37,B917,London,M7055,Merchant_85,POS3506,Debit,4.70829E+15,28,64551,776,Defaulted,No,ATM,UK,Compliant
T20406253,C25015,A1798094782,15-02-2022,Bill Payment,4956.68,INR,8789.2,B899,London,M3078,Merchant_17,POS1597,Debit,4.06527E+15,55,136530,333,Closed,No,POS,India,Non-Compliant
T71950092,C98611,A9790388533,23-04-2022,Online Purchase,2870.04,USD,4848.01,B599,Berlin,M8204,Merchant_91,POS3349,Debit,4.71982E+15,30,34046,686,Active,No,ATM,UK,Compliant
T73777667,C69932,A9324780577,27-08-2021,Bill Payment,463.61,EUR,5612.45,B557,Mumbai,M7487,Merchant_3,POS5192,Debit,4.92216E+15,55,171310,668,Not Applicable,No,POS,UK,Compliant
T79702892,C46705,A1437281464,06-04-2024,Transfer,2976.75,GBP,12199.56,B454,London,M6080,Merchant_62,POS6982,Prepaid,4.24429E+15,52,181874,755,Defaulted,Yes,ATM,Japan,Non-Compliant
T98094868,C54233,A7955678403,26-09-2023,Loan Repayment,2250.52,EUR,12064.97,B226,London,M9537,Merchant_74,POS1858,Prepaid,4.22094E+15,65,198629,556,Active,Yes,ATM,UK,Compliant
T85574290,C60798,A5122371086,20-04-2019,Transfer,2292.49,INR,4192.82,B267,London,M5540,Merchant_24,POS8324,Debit,4.45028E+15,20,128025,404,Active,Yes,Online,Japan,Non-Compliant
T31552206,C81700,A1762656744,06-07-2022,Deposit,319.99,INR,6099.6,B290,London,M2519,Merchant_60,POS4679,Debit,4.50186E+15,18,193197,712,Closed,Yes,Online,UK,Compliant
T44879485,C12434,A1854341765,02-10-2022,ATM Withdrawal,2193.52,USD,7722.36,B655,New York,M8819,Merchant_65,POS9742,Debit,4.41574E+15,38,123446,620,Active,No,POS,India,Non-Compliant
T69856537,C55380,A8904958684,16-08-2024,Withdrawal,4344.22,USD,13230.36,B970,Mumbai,M9820,Merchant_21,POS6044,Prepaid,4.74876E+15,21,183794,686,Defaulted,No,ATM,USA,Compliant
T22479627,C30047,A8042351141,12-04-2019,Withdrawal,4529.17,USD,9679.18,B394,Mumbai,M8173,Merchant_35,POS2458,Credit,4.31676E+15,22,182856,450,Closed,Yes,ATM,Japan,Compliant
T12180816,C16855,A6577242099,13-09-2024,Deposit,4175.19,USD,9654.73,B254,Berlin,M3575,Merchant_97,POS4176,Debit,4.56554E+15,43,115526,340,Not Applicable,No,Online,India,Non-Compliant
T38840977,C19290,A9209177070,13-06-2023,ATM Withdrawal,721.74,GBP,8565.63,B333,New York,M1917,Merchant_52,POS7520,Prepaid,4.59101E+15,22,123069,641,Active,No,Online,Japan,Non-Compliant
T76643186,C89856,A2167660635,08-10-2020,Transfer,1242.36,USD,4945.28,B749,London,M3777,Merchant_98,POS7031,Credit,4.18054E+15,54,61305,416,Defaulted,Yes,POS,Germany,Compliant
T59135127,C75340,A8475271925,07-09-2021,Bill Payment,1559.16,EUR,8424.58,B269,New York,M8097,Merchant_86,POS4604,Debit,4.56521E+15,48,38862,698,Defaulted,No,POS,USA,Compliant
T97815918,C93173,A3035386319,19-03-2022,Bill Payment,2398.21,USD,5168.66,B578,New York,M1139,Merchant_8,POS4380,Credit,4.34741E+15,24,169717,718,Not Applicable,No,POS,USA,Non-Compliant
T27892988,C11055,A6703086638,19-11-2023,Bill Payment,2476.18,USD,3453.79,B910,New York,M8471,Merchant_50,POS2826,Credit,4.79687E+15,25,132538,496,Defaulted,Yes,ATM,Japan,Non-Compliant
T65921456,C98863,A6133821743,23-09-2019,Deposit,1854.88,EUR,9688.88,B907,New York,M1123,Merchant_8,POS5398,Credit,4.21624E+15,71,182253,760,Not Applicable,Yes,ATM,Japan,Non-Compliant
T76400567,C55621,A8404499203,28-02-2020,Transfer,3011.33,USD,4466.21,B596,Tokyo,M2945,Merchant_22,POS6990,Credit,4.81827E+15,64,48876,379,Active,No,Offline,UK,Compliant
T40352278,C23485,A7522352911,11-10-2019,Bill Payment,3751.21,JPY,12639.14,B902,New York,M1804,Merchant_63,POS5747,Credit,4.23771E+15,33,166142,514,Closed,No,Online,USA,Compliant
T64345089,C58284,A9186464249,24-10-2024,Deposit,558.54,USD,9359.41,B248,Berlin,M9538,Merchant_60,POS9211,Prepaid,4.25887E+15,74,92293,344,Closed,No,ATM,India,Non-Compliant
T71799385,C59234,A7175991140,19-04-2021,Online Purchase,1492.14,GBP,8593.38,B563,Tokyo,M1722,Merchant_1,POS9326,Prepaid,4.30705E+15,43,53210,829,Closed,Yes,Online,India,Compliant
T89143667,C41430,A2746622845,24-06-2019,Loan Repayment,725.74,INR,6668.39,B961,Mumbai,M7175,Merchant_37,POS1138,Prepaid,4.99608E+15,23,166302,315,Not Applicable,No,Online,Germany,Compliant
T31988184,C10464,A9585283147,27-08-2024,Deposit,2260.35,GBP,3231.3,B623,Tokyo,M5646,Merchant_72,POS2695,Credit,4.89838E+15,58,158983,456,Defaulted,Yes,Offline,Japan,Non-Compliant
T55298433,C61422,A4849458261,04-11-2021,Loan Repayment,3227.93,EUR,4114.66,B209,London,M9808,Merchant_41,POS3629,Debit,4.67038E+15,30,162835,786,Closed,No,Offline,UK,Compliant
T86535447,C71235,A4154973219,05-03-2020,Loan Repayment,1277.91,EUR,5314.2,B406,London,M5244,Merchant_37,POS4492,Debit,4.90758E+15,62,54634,364,Defaulted,No,Offline,Germany,Compliant
T99276622,C56561,A9444603377,10-09-2024,Withdrawal,3678.72,USD,4241.76,B327,New York,M5750,Merchant_99,POS3065,Credit,4.45854E+15,29,129318,489,Closed,No,Online,India,Non-Compliant
T14329118,C76417,A6854909380,26-03-2023,Withdrawal,147.41,JPY,5638.59,B887,London,M9748,Merchant_36,POS7102,Prepaid,4.96382E+15,53,67134,303,Defaulted,Yes,ATM,Japan,Non-Compliant
T13699620,C51120,A9724013087,17-10-2022,Deposit,3276.36,INR,12607.12,B331,Berlin,M8316,Merchant_10,POS1678,Credit,4.66263E+15,49,148804,661,Active,No,Online,UK,Compliant
T78589108,C28672,A6084971866,01-11-2023,ATM Withdrawal,2498.01,INR,6801.26,B415,Tokyo,M5468,Merchant_58,POS6281,Prepaid,4.12813E+15,60,67348,526,Closed,No,ATM,Germany,Compliant
T27631398,C40016,A6669907275,27-10-2024,Online Purchase,563.46,USD,2004.72,B983,New York,M1347,Merchant_30,POS4281,Debit,4.20205E+15,28,73624,507,Active,No,Online,Japan,Compliant
T54542803,C51844,A1352201960,16-07-2021,Deposit,3627.3,JPY,8187.92,B444,London,M1536,Merchant_24,POS1772,Credit,4.58894E+15,36,74599,638,Not Applicable,Yes,ATM,Germany,Non-Compliant
T62156097,C98962,A6256102609,01-02-2020,Withdrawal,421.96,EUR,4758.67,B121,New York,M1330,Merchant_18,POS4407,Credit,4.11563E+15,53,163242,655,Closed,Yes,Offline,USA,Compliant
T87947051,C98844,A1338235850,09-02-2024,Loan Repayment,4239.96,GBP,11103.29,B358,Mumbai,M6747,Merchant_45,POS8008,Credit,4.73606E+15,30,179535,751,Active,Yes,POS,Japan,Compliant
T80950092,C29009,A1750184002,11-11-2024,Online Purchase,513.14,USD,8735.65,B194,London,M9461,Merchant_5,POS5937,Prepaid,4.16399E+15,30,130197,547,Active,No,Online,Germany,Compliant
T11220332,C74325,A7373166233,27-11-2022,Transfer,1820.65,JPY,8983.52,B107,Tokyo,M7546,Merchant_76,POS5940,Debit,4.8364E+15,33,60329,629,Active,No,POS,USA,Compliant
T41230322,C72331,A3068672505,27-02-2019,Transfer,3539.72,GBP,6403.77,B763,New York,M5046,Merchant_15,POS2791,Debit,4.41832E+15,67,147628,553,Defaulted,No,POS,Japan,Non-Compliant
T71141328,C97570,A7756209807,14-01-2021,Withdrawal,3857.73,USD,6655.98,B709,London,M5086,Merchant_69,POS8828,Prepaid,4.52465E+15,32,52624,378,Closed,No,ATM,USA,Non-Compliant
T88080764,C11618,A8216037714,04-11-2024,ATM Withdrawal,3085.97,EUR,3957.03,B984,London,M4861,Merchant_22,POS1081,Credit,4.27334E+15,57,133179,754,Closed,Yes,ATM,USA,Compliant
T31850981,C80917,A8675438033,15-10-2020,Loan Repayment,4675.97,GBP,12340.02,B690,Tokyo,M3273,Merchant_26,POS9567,Credit,4.31267E+15,28,67431,698,Defaulted,No,POS,Japan,Compliant
T29099163,C48591,A9320825256,07-10-2019,Transfer,3428.03,USD,12184.73,B751,New York,M5125,Merchant_23,POS5260,Credit,4.87773E+15,46,152272,529,Active,Yes,Online,Germany,Non-Compliant
T14172307,C34367,A1749007931,26-11-2019,Bill Payment,1349.33,INR,6069.8,B217,Tokyo,M3883,Merchant_55,POS4277,Credit,4.64242E+15,50,172800,732,Not Applicable,No,ATM,India,Compliant
T20433879,C47997,A6962049831,28-08-2023,Bill Payment,1243.65,INR,7134.72,B549,Tokyo,M7242,Merchant_58,POS7045,Prepaid,4.73505E+15,29,184579,675,Active,Yes,POS,Japan,Non-Compliant
T64623875,C17427,A2832970314,25-02-2021,Loan Repayment,3313.31,GBP,9857.05,B402,London,M2872,Merchant_80,POS1494,Prepaid,4.95061E+15,20,123985,520,Closed,No,POS,UK,Non-Compliant
T92246337,C75486,A1209375652,27-09-2019,Loan Repayment,4686.1,JPY,6930.64,B128,New York,M3648,Merchant_50,POS9504,Debit,4.13258E+15,46,112829,508,Closed,No,Online,Germany,Compliant
T89784539,C50970,A2364113527,04-07-2020,Loan Repayment,3330.98,GBP,4004.31,B210,Mumbai,M8434,Merchant_22,POS4999,Prepaid,4.44597E+15,38,76018,609,Defaulted,No,Offline,UK,Non-Compliant
T69930399,C68421,A9069292938,25-09-2022,Deposit,1848.84,JPY,5874.85,B102,Berlin,M7974,Merchant_100,POS7635,Credit,4.93419E+15,35,137302,703,Closed,Yes,ATM,UK,Compliant
T52366017,C66913,A8383504333,10-03-2024,Deposit,3729.8,GBP,13707.24,B446,New York,M3680,Merchant_41,POS7630,Prepaid,4.87234E+15,48,169762,555,Not Applicable,No,POS,Germany,Compliant
T88924074,C27320,A4370804359,22-11-2022,Transfer,990.36,INR,9849.84,B892,Mumbai,M4245,Merchant_89,POS2142,Credit,4.1543E+15,63,85857,769,Closed,No,POS,UK,Compliant
T28165607,C16079,A1033966032,23-12-2020,Deposit,3242.65,USD,8535.84,B964,Mumbai,M1669,Merchant_33,POS7065,Credit,4.911E+15,38,122718,507,Closed,No,POS,UK,Compliant
T55338795,C76274,A7485437189,02-08-2021,Transfer,170.44,USD,4522.95,B589,Tokyo,M6638,Merchant_50,POS3279,Debit,4.34897E+15,26,184027,787,Closed,Yes,POS,USA,Compliant
T39148984,C20775,A5814885741,25-02-2019,Transfer,1444.97,EUR,5625.99,B345,Mumbai,M6029,Merchant_61,POS9062,Debit,4.81296E+15,46,54356,495,Active,No,Offline,USA,Compliant
T87950755,C65605,A2742713733,16-06-2023,Loan Repayment,1667.62,JPY,3935.86,B676,London,M3234,Merchant_7,POS6124,Prepaid,4.65631E+15,63,191443,493,Not Applicable,No,Online,USA,Compliant
T59083011,C40481,A9298018665,13-07-2022,Transfer,3936.4,JPY,12694.15,B117,New York,M8002,Merchant_99,POS8491,Debit,4.69481E+15,75,118859,438,Not Applicable,Yes,ATM,India,Non-Compliant
T13340761,C27388,A8367113002,19-09-2020,Withdrawal,3834.34,EUR,13006.73,B377,Mumbai,M5377,Merchant_46,POS8485,Prepaid,4.81699E+15,50,127395,331,Active,Yes,Online,Germany,Non-Compliant
T95426618,C76923,A5858501811,24-07-2024,Transfer,4270.12,EUR,7829.66,B906,Berlin,M3245,Merchant_7,POS2706,Credit,4.11951E+15,40,77314,623,Defaulted,No,ATM,Germany,Compliant
T48316437,C52788,A7790979915,11-05-2023,Transfer,4050.65,GBP,12306.57,B124,Tokyo,M6292,Merchant_47,POS8585,Prepaid,4.49848E+15,54,20654,588,Defaulted,No,Offline,UK,Compliant
T22668603,C64644,A6060164343,18-11-2020,Bill Payment,4876.7,JPY,9384.01,B452,London,M8221,Merchant_5,POS2412,Credit,4.91337E+15,75,156800,669,Active,No,Online,UK,Non-Compliant
T37402055,C54788,A5077305630,03-03-2021,Bill Payment,2961.29,GBP,7569.65,B802,New York,M6314,Merchant_28,POS4204,Debit,4.89664E+15,73,109347,373,Active,No,ATM,Germany,Non-Compliant
T43751373,C58495,A4928286934,11-09-2022,ATM Withdrawal,1392.03,EUR,5472.17,B202,Tokyo,M3268,Merchant_96,POS1988,Credit,4.45562E+15,50,78204,335,Defaulted,No,Offline,Japan,Non-Compliant
T14314329,C15794,A6426405777,23-03-2020,Transfer,1815.95,GBP,5949,B652,London,M5497,Merchant_54,POS2014,Credit,4.56778E+15,73,33061,303,Not Applicable,No,Offline,UK,Compliant
T94159691,C21889,A7947276057,12-08-2024,ATM Withdrawal,742.19,INR,8577.04,B637,Berlin,M2156,Merchant_44,POS9223,Prepaid,4.79282E+15,37,132178,497,Defaulted,No,Offline,UK,Compliant
T69425189,C51278,A9780659201,04-08-2021,Deposit,2910.12,GBP,12819.57,B934,Tokyo,M4518,Merchant_72,POS8614,Prepaid,4.23654E+15,63,86021,844,Defaulted,Yes,Online,UK,Non-Compliant
T88326251,C62737,A8786313263,27-03-2020,Transfer,4910.97,GBP,8226.79,B899,London,M5386,Merchant_3,POS6390,Credit,4.3657E+15,69,159613,743,Not Applicable,No,Offline,India,Non-Compliant
T84635766,C90215,A4589954392,27-04-2021,Loan Repayment,1683.77,GBP,9970.6,B541,London,M5346,Merchant_94,POS5147,Prepaid,4.17918E+15,68,100480,719,Active,No,POS,USA,Non-Compliant
T64593383,C63041,A4511531705,01-11-2022,ATM Withdrawal,4696.86,JPY,6032.29,B608,London,M5995,Merchant_53,POS9143,Prepaid,4.56063E+15,61,159268,393,Defaulted,No,Offline,USA,Compliant
T95591549,C95147,A3115235054,21-04-2023,ATM Withdrawal,3572.82,INR,7076.93,B697,New York,M7895,Merchant_99,POS1783,Credit,4.53117E+15,34,88167,348,Not Applicable,No,ATM,India,Non-Compliant
T25832567,C25595,A3068017881,20-11-2019,Transfer,62.29,JPY,1619.16,B218,Mumbai,M7034,Merchant_22,POS2813,Credit,4.62547E+15,28,162115,838,Defaulted,Yes,ATM,India,Non-Compliant
T93225372,C70634,A4968002700,03-08-2021,Transfer,868.93,JPY,10521.75,B606,Berlin,M4291,Merchant_53,POS1472,Credit,4.70864E+15,21,58347,495,Not Applicable,Yes,POS,UK,Compliant
T62482540,C40021,A2882770611,08-05-2019,Deposit,3866.18,GBP,11014.78,B495,London,M7640,Merchant_57,POS6825,Prepaid,4.39336E+15,59,36688,399,Defaulted,Yes,POS,UK,Non-Compliant
T25332567,C93130,A2237441647,18-08-2022,Bill Payment,3539.77,INR,7017.28,B233,London,M7968,Merchant_68,POS4593,Prepaid,4.66329E+15,42,48291,836,Active,No,Online,Japan,Non-Compliant
T38926410,C19754,A3665004488,25-07-2023,Online Purchase,2383.31,JPY,11669.19,B662,Berlin,M2583,Merchant_23,POS8267,Credit,4.69334E+15,30,55722,652,Closed,No,Online,Japan,Non-Compliant
T43488182,C92570,A6647716052,14-03-2023,Withdrawal,2298.92,USD,5813.16,B586,Mumbai,M8783,Merchant_38,POS9575,Credit,4.54304E+15,29,63773,428,Not Applicable,Yes,ATM,USA,Non-Compliant
T22621460,C35789,A7538189916,19-09-2022,ATM Withdrawal,904.1,USD,2081.98,B129,Berlin,M6177,Merchant_99,POS5644,Credit,4.31919E+15,45,196451,344,Active,Yes,ATM,Japan,Compliant
T79399717,C65708,A9247721005,05-02-2020,ATM Withdrawal,4796.38,JPY,9918.97,B901,Mumbai,M6689,Merchant_48,POS8683,Debit,4.85305E+15,61,139824,599,Closed,Yes,Offline,USA,Non-Compliant
T14559042,C69832,A6196166101,01-02-2021,Loan Repayment,683.23,GBP,4049.34,B265,Tokyo,M2712,Merchant_35,POS2234,Debit,4.83457E+15,38,93566,518,Defaulted,No,POS,Germany,Non-Compliant
T64889680,C15098,A7229201577,15-04-2020,Bill Payment,1293.38,USD,8870.08,B111,Tokyo,M3176,Merchant_49,POS6679,Credit,4.2012E+15,37,110488,349,Active,Yes,Offline,Japan,Compliant
T43770826,C44903,A9536082137,10-06-2023,ATM Withdrawal,1707.73,EUR,11486.91,B600,Mumbai,M2025,Merchant_14,POS2244,Debit,4.54404E+15,52,70963,466,Active,No,POS,Japan,Non-Compliant
T11411224,C12236,A2045081901,14-04-2024,ATM Withdrawal,2643.62,JPY,9406.16,B583,Berlin,M2408,Merchant_88,POS9703,Debit,4.88869E+15,54,99563,552,Active,No,POS,UK,Non-Compliant
T67705834,C10219,A4688985502,17-09-2022,Transfer,3307.21,EUR,8609.91,B558,New York,M2856,Merchant_30,POS4796,Debit,4.63895E+15,58,67516,746,Active,Yes,POS,Germany,Non-Compliant
T51281403,C12225,A4812959058,18-02-2023,Deposit,1565.1,INR,10805.77,B204,Berlin,M4000,Merchant_1,POS5714,Prepaid,4.26241E+15,66,179655,626,Not Applicable,Yes,Online,USA,Non-Compliant
T88863483,C96349,A7398389579,12-12-2020,Transfer,1007.58,GBP,7311.08,B456,Berlin,M4368,Merchant_22,POS2150,Credit,4.02413E+15,55,94627,658,Not Applicable,No,POS,USA,Non-Compliant
T60648799,C54906,A4130129823,28-09-2019,Online Purchase,1292.28,USD,7032.91,B760,Tokyo,M8452,Merchant_25,POS2108,Prepaid,4.40791E+15,55,130590,446,Active,Yes,Offline,Germany,Compliant
T55819919,C39258,A8897779281,14-05-2024,Withdrawal,2994.21,EUR,4153.34,B366,Berlin,M4552,Merchant_38,POS3253,Credit,4.87337E+15,35,198182,785,Active,No,ATM,UK,Compliant
T20790808,C69398,A5430249108,16-07-2020,Bill Payment,4782.61,JPY,13918.38,B106,London,M3236,Merchant_54,POS8845,Prepaid,4.15205E+15,38,111177,629,Active,Yes,Online,Japan,Non-Compliant
T66372204,C71296,A4648581370,16-04-2021,ATM Withdrawal,3543.11,USD,6969.3,B313,Tokyo,M1981,Merchant_2,POS4971,Prepaid,4.21916E+15,72,132642,718,Defaulted,No,Online,India,Compliant
T92916760,C45997,A9827893329,13-12-2023,Bill Payment,2536.49,INR,5231.4,B143,London,M2036,Merchant_5,POS2928,Credit,4.03529E+15,53,111230,409,Active,No,Offline,Japan,Compliant
T57074929,C96268,A8008123314,26-02-2023,Loan Repayment,1387.36,EUR,7560.12,B626,Berlin,M8639,Merchant_75,POS3655,Debit,4.88821E+15,75,128273,579,Active,No,Offline,India,Compliant
T52250525,C97502,A2613891605,12-06-2023,Loan Repayment,4116.49,JPY,12321.35,B745,Mumbai,M8713,Merchant_14,POS4785,Prepaid,4.42558E+15,36,40382,480,Closed,Yes,Offline,India,Compliant
T18238894,C53069,A8594034751,01-12-2024,Online Purchase,3470.66,GBP,11560,B474,Berlin,M9493,Merchant_10,POS5015,Credit,4.14438E+15,37,33839,711,Active,Yes,ATM,UK,Non-Compliant
T48082564,C77666,A7930558448,03-10-2019,Withdrawal,742.34,USD,5176.21,B203,London,M1272,Merchant_86,POS6904,Debit,4.37712E+15,29,98782,477,Closed,No,Offline,Japan,Compliant
T46530836,C83332,A3134206692,07-05-2023,Deposit,2431.52,EUR,7229.79,B441,London,M9251,Merchant_79,POS7998,Debit,4.27202E+15,55,42604,688,Closed,Yes,POS,UK,Non-Compliant
T15880505,C81561,A2200289131,23-03-2022,Bill Payment,2199.41,USD,2982.02,B187,Mumbai,M2660,Merchant_9,POS8038,Credit,4.34879E+15,55,115693,465,Closed,No,Offline,India,Compliant
T44525018,C28756,A1321349051,09-08-2023,Withdrawal,3608.25,INR,7955.22,B599,London,M7459,Merchant_7,POS3578,Credit,4.01132E+15,23,24767,515,Active,No,POS,Japan,Compliant
T74381695,C34647,A3106738502,04-07-2024,Transfer,3390.97,USD,12362.57,B523,Tokyo,M9769,Merchant_99,POS9798,Debit,4.74978E+15,52,69061,553,Closed,Yes,Offline,USA,Compliant
T36088907,C97644,A2415980731,06-02-2019,Bill Payment,2733.88,EUR,8554.23,B277,London,M8028,Merchant_20,POS4877,Prepaid,4.45187E+15,49,53671,577,Not Applicable,Yes,ATM,Germany,Compliant
T18545050,C72224,A7160024238,19-04-2019,Bill Payment,1741.77,INR,5266.69,B303,Berlin,M9693,Merchant_50,POS7946,Prepaid,4.81646E+15,71,132364,488,Not Applicable,Yes,ATM,India,Compliant
T68042914,C89296,A6549103077,11-02-2022,ATM Withdrawal,2731.51,USD,12031.38,B140,New York,M5009,Merchant_10,POS6456,Debit,4.44997E+15,58,190015,371,Defaulted,Yes,Offline,Germany,Compliant
T58199467,C78905,A9822918617,02-09-2019,Bill Payment,1224.6,JPY,4001.16,B999,New York,M3592,Merchant_32,POS7679,Credit,4.13474E+15,61,97232,814,Defaulted,No,ATM,UK,Compliant
T43085964,C55292,A1976517478,08-01-2021,ATM Withdrawal,4532.69,EUR,8818.71,B315,Mumbai,M6417,Merchant_97,POS9160,Credit,4.96926E+15,40,47397,325,Not Applicable,No,Online,USA,Compliant
T18703608,C65894,A3175287769,21-08-2021,Deposit,3102.56,GBP,4924.31,B792,Mumbai,M1903,Merchant_57,POS9206,Debit,4.52682E+15,28,53624,704,Not Applicable,No,Offline,USA,Compliant
T20174884,C61255,A9637581642,24-01-2024,Loan Repayment,956.83,JPY,2164.69,B255,London,M9593,Merchant_96,POS4414,Prepaid,4.69653E+15,62,30574,769,Defaulted,No,POS,Germany,Non-Compliant
T54860206,C55989,A8619795420,08-10-2020,Online Purchase,4992.66,GBP,9375.45,B405,New York,M5671,Merchant_55,POS4195,Credit,4.39384E+15,25,186461,649,Active,No,POS,Germany,Compliant
T87208826,C44892,A4946076380,20-09-2022,Online Purchase,3227.82,JPY,12193.43,B827,New York,M1124,Merchant_40,POS8409,Prepaid,4.88905E+15,72,132324,629,Not Applicable,No,Offline,Germany,Non-Compliant
T26183089,C73120,A1999274136,03-12-2024,Deposit,4730.66,INR,8061.77,B309,London,M9656,Merchant_9,POS2578,Debit,4.33789E+15,44,44470,398,Defaulted,Yes,Online,USA,Compliant
T59808024,C34041,A5517256200,26-08-2023,Bill Payment,1424.96,GBP,3981.41,B991,Berlin,M7271,Merchant_50,POS6802,Debit,4.79285E+15,52,175830,397,Defaulted,No,POS,UK,Non-Compliant
T86820148,C96461,A9883302739,28-11-2023,Online Purchase,2727.33,INR,8235.82,B787,London,M9682,Merchant_49,POS1858,Prepaid,4.37838E+15,56,28196,445,Active,Yes,Offline,India,Non-Compliant
T74017970,C24506,A4458854171,08-12-2020,Transfer,4724.99,JPY,7033.47,B174,Berlin,M6177,Merchant_60,POS8837,Prepaid,4.47496E+15,54,101608,463,Active,Yes,POS,India,Compliant
T98902371,C85726,A9095257860,10-09-2024,Deposit,527.82,INR,6523.63,B401,New York,M3972,Merchant_11,POS6300,Debit,4.413E+15,75,55483,373,Closed,Yes,POS,UK,Non-Compliant
T79891984,C83357,A1218181842,03-04-2022,Deposit,2030.28,USD,7725.35,B903,New York,M2334,Merchant_74,POS4988,Prepaid,4.05766E+15,74,106888,827,Closed,Yes,POS,Japan,Non-Compliant
T32635529,C39314,A3148590922,18-03-2021,Bill Payment,2644.74,GBP,4648.79,B173,Berlin,M9949,Merchant_25,POS1496,Debit,4.69736E+15,55,87068,302,Active,No,Online,Japan,Compliant
T26381411,C81684,A7861302190,04-06-2024,ATM Withdrawal,1347.84,USD,9335.96,B231,New York,M8689,Merchant_86,POS7679,Prepaid,4.18693E+15,59,34525,379,Active,Yes,POS,USA,Compliant
T73493505,C22711,A1404747375,24-02-2019,Online Purchase,2909.53,GBP,12672.54,B537,New York,M3683,Merchant_59,POS1685,Credit,4.35575E+15,28,48833,752,Defaulted,No,ATM,UK,Non-Compliant
T41441053,C58311,A8131754874,08-03-2020,ATM Withdrawal,1993.26,GBP,11075.11,B893,Tokyo,M2451,Merchant_91,POS1546,Prepaid,4.55029E+15,21,98244,621,Closed,Yes,Online,Japan,Non-Compliant
T84915698,C18139,A8844041177,25-05-2020,Deposit,1718.25,GBP,9066.95,B583,Mumbai,M7059,Merchant_52,POS3142,Debit,4.89788E+15,18,55110,801,Defaulted,Yes,Offline,UK,Compliant
T25895601,C42768,A8854318318,01-05-2021,Transfer,4174.76,EUR,11920.86,B519,Berlin,M7143,Merchant_56,POS7175,Credit,4.53617E+15,45,48151,437,Active,Yes,POS,UK,Non-Compliant
T66721421,C81523,A8513543565,23-12-2021,Withdrawal,2447.16,GBP,4268.59,B658,Mumbai,M2777,Merchant_64,POS6532,Credit,4.88027E+15,50,34509,727,Active,Yes,POS,UK,Non-Compliant
T36062868,C58070,A9847169148,17-03-2020,Online Purchase,3640.02,GBP,7403.64,B798,Mumbai,M1656,Merchant_86,POS6938,Debit,4.93553E+15,69,170257,304,Defaulted,Yes,Online,Germany,Compliant
T24988822,C86189,A7359361030,03-07-2023,Loan Repayment,273.36,INR,10025.78,B930,London,M7168,Merchant_19,POS9311,Prepaid,4.47181E+15,44,134091,481,Active,No,Offline,Japan,Compliant
T31129685,C92781,A4232573349,18-03-2022,Online Purchase,2635.35,GBP,12197.11,B270,New York,M9400,Merchant_65,POS2171,Credit,4.26921E+15,33,149872,406,Defaulted,No,ATM,Germany,Compliant
T71826711,C22522,A2318057107,12-03-2024,Loan Repayment,598.47,EUR,4923.68,B253,Berlin,M4369,Merchant_83,POS9282,Prepaid,4.15074E+15,24,173338,336,Not Applicable,Yes,ATM,Japan,Non-Compliant
T62000180,C65179,A6997263100,07-05-2021,Online Purchase,2034.27,INR,10915.8,B410,Mumbai,M2182,Merchant_53,POS3137,Prepaid,4.97292E+15,64,85635,808,Defaulted,Yes,ATM,Germany,Non-Compliant
T55047025,C54267,A8796830790,05-04-2023,ATM Withdrawal,43.92,INR,4342.52,B273,London,M8206,Merchant_11,POS9248,Debit,4.79272E+15,44,128970,623,Closed,No,Offline,USA,Non-Compliant
T43574631,C55108,A9000104809,28-07-2023,Withdrawal,2654.86,INR,4703.98,B122,Berlin,M8080,Merchant_6,POS6355,Credit,4.14628E+15,38,162454,777,Active,Yes,ATM,Germany,Compliant
T67162175,C65686,A3613588766,09-08-2019,Withdrawal,1894.14,INR,10243.22,B740,London,M5334,Merchant_98,POS5200,Credit,4.62651E+15,43,99655,514,Not Applicable,No,POS,India,Compliant
T79183984,C83425,A9339783049,14-05-2020,Withdrawal,4197.12,GBP,8334.91,B390,Mumbai,M7257,Merchant_21,POS2758,Credit,4.80544E+15,29,89250,461,Not Applicable,No,Offline,USA,Compliant
T60893378,C39135,A7485554689,20-10-2023,Online Purchase,1812.98,JPY,8138.26,B541,London,M2750,Merchant_17,POS5834,Credit,4.16826E+15,59,86851,840,Defaulted,Yes,Offline,UK,Compliant
T71917338,C67739,A3398477894,26-08-2023,Online Purchase,282.35,INR,9394.06,B176,Mumbai,M3323,Merchant_48,POS9866,Prepaid,4.33812E+15,61,87297,413,Active,Yes,POS,UK,Compliant
T72476708,C41035,A5082656673,13-12-2021,Transfer,2225.55,EUR,11292.21,B629,London,M2560,Merchant_21,POS6310,Credit,4.0178E+15,75,33522,325,Closed,No,ATM,Germany,Non-Compliant
T61917559,C93927,A4354132488,01-06-2021,Bill Payment,4516,INR,13491.01,B174,Mumbai,M6891,Merchant_48,POS7103,Credit,4.02361E+15,68,48713,450,Active,Yes,Online,Germany,Compliant
T40951804,C21731,A1940140608,12-11-2024,Online Purchase,384.68,EUR,3535.32,B752,London,M2052,Merchant_66,POS7843,Debit,4.295E+15,64,76204,848,Closed,No,ATM,USA,Compliant
T37598968,C16769,A5051247877,04-10-2020,ATM Withdrawal,1810.2,GBP,3074.65,B817,New York,M4762,Merchant_78,POS5032,Debit,4.42064E+15,61,21355,397,Active,Yes,Offline,Japan,Compliant
T51723156,C40172,A1428066360,11-08-2023,Loan Repayment,3666.51,INR,10930.19,B713,London,M5459,Merchant_78,POS1727,Prepaid,4.8021E+15,38,159197,838,Defaulted,Yes,POS,UK,Non-Compliant
T25655331,C37659,A9090321748,21-02-2020,Withdrawal,1471.96,EUR,9852.25,B524,London,M9540,Merchant_89,POS6900,Debit,4.77663E+15,31,73870,438,Not Applicable,No,Online,USA,Compliant
T62420149,C45314,A8098036902,10-08-2024,Deposit,3034.01,GBP,6319.54,B920,Berlin,M2735,Merchant_92,POS8876,Prepaid,4.05198E+15,26,68336,492,Closed,No,ATM,Germany,Compliant
T87682370,C95460,A4188912684,07-06-2023,Bill Payment,828.03,GBP,7557.81,B975,Berlin,M4008,Merchant_22,POS2106,Prepaid,4.75308E+15,59,44897,643,Not Applicable,Yes,POS,Japan,Non-Compliant
T31171798,C49994,A5683163935,06-05-2022,Transfer,1658.87,USD,7599.58,B225,London,M5118,Merchant_7,POS8249,Debit,4.16288E+15,39,114474,476,Not Applicable,Yes,Offline,UK,Non-Compliant
T84689741,C22150,A7499102854,01-03-2024,Transfer,4005.3,USD,11101.44,B754,Tokyo,M9070,Merchant_50,POS2713,Credit,4.89373E+15,22,51697,793,Not Applicable,No,Online,Japan,Non-Compliant
T79937296,C65421,A9323554906,19-11-2022,Loan Repayment,983.61,USD,7511.51,B479,New York,M8722,Merchant_1,POS6678,Credit,4.6535E+15,31,187436,365,Active,Yes,Offline,India,Non-Compliant
T29231027,C31464,A3121835704,16-04-2024,ATM Withdrawal,3782.04,USD,8266.88,B886,New York,M3586,Merchant_27,POS8135,Prepaid,4.91912E+15,55,52947,532,Closed,Yes,POS,UK,Compliant
T45593893,C10032,A7579567917,27-01-2023,ATM Withdrawal,693.18,EUR,6846.42,B593,Mumbai,M4825,Merchant_37,POS2392,Prepaid,4.69257E+15,26,77543,392,Not Applicable,No,ATM,USA,Non-Compliant
T88934237,C53515,A8082238970,06-12-2019,Loan Repayment,2717.08,JPY,10201.23,B499,London,M8307,Merchant_66,POS4627,Debit,4.03253E+15,26,70123,589,Defaulted,No,ATM,USA,Non-Compliant
T88540082,C19801,A9463077533,09-09-2019,Transfer,218.68,GBP,2401.01,B587,Mumbai,M5789,Merchant_56,POS6711,Prepaid,4.1666E+15,43,114512,386,Active,Yes,Online,Germany,Non-Compliant
T50523540,C78084,A4811833552,08-05-2020,Deposit,75.57,GBP,7874.77,B265,London,M4298,Merchant_73,POS1459,Prepaid,4.99792E+15,22,184066,418,Not Applicable,Yes,POS,India,Compliant
T25041410,C73182,A2115547746,18-11-2022,Withdrawal,822.53,INR,1542.69,B358,London,M4822,Merchant_36,POS4329,Credit,4.36401E+15,58,130747,607,Closed,Yes,Offline,UK,Compliant
T85710900,C59959,A5051670080,09-11-2023,Loan Repayment,764.78,USD,7598.25,B508,Tokyo,M2482,Merchant_85,POS2034,Prepaid,4.87563E+15,28,88781,708,Closed,No,Online,Germany,Non-Compliant
T19976694,C19850,A8236940128,16-05-2023,Withdrawal,2826.57,INR,9574.15,B952,Tokyo,M4366,Merchant_97,POS8682,Prepaid,4.89651E+15,31,170547,384,Not Applicable,Yes,Offline,Japan,Non-Compliant
T54047730,C58171,A2891645519,04-02-2019,Bill Payment,3190.08,USD,5655.25,B217,Mumbai,M4151,Merchant_75,POS5935,Debit,4.70513E+15,61,83855,340,Defaulted,No,Offline,USA,Compliant
T77955170,C32983,A4408168785,24-02-2020,Bill Payment,2973.24,EUR,7605.57,B620,Tokyo,M4638,Merchant_29,POS1913,Prepaid,4.87794E+15,60,113990,742,Closed,Yes,Offline,Japan,Compliant
T65663183,C30438,A7332438988,23-03-2021,Withdrawal,1783.95,USD,11310.82,B723,New York,M9951,Merchant_50,POS8108,Prepaid,4.85551E+15,59,59065,577,Defaulted,No,Online,India,Compliant
T34150575,C95376,A6072980326,26-02-2019,Bill Payment,2330.93,GBP,12311.37,B982,Tokyo,M6104,Merchant_21,POS7996,Debit,4.82009E+15,32,28935,548,Not Applicable,No,ATM,USA,Compliant
T16812310,C56432,A8510953186,17-01-2021,Online Purchase,4996.57,GBP,12522.99,B780,London,M7830,Merchant_40,POS5339,Credit,4.15179E+15,52,111874,317,Closed,Yes,ATM,Japan,Non-Compliant
T28577522,C48982,A1940144050,15-03-2021,Bill Payment,4701.95,EUR,8987.48,B210,New York,M7048,Merchant_66,POS6080,Prepaid,4.61634E+15,36,197237,629,Not Applicable,No,Online,Japan,Non-Compliant
T69500316,C99584,A7856235048,17-06-2024,Online Purchase,2443.54,EUR,9201.33,B960,Berlin,M2278,Merchant_27,POS8406,Prepaid,4.6393E+15,56,89468,414,Closed,No,ATM,UK,Non-Compliant
T50859221,C64526,A5461541617,10-07-2022,Deposit,3235.32,USD,4640.38,B995,Berlin,M2993,Merchant_43,POS1562,Credit,4.15797E+15,23,126592,420,Defaulted,No,ATM,Germany,Non-Compliant
T73969535,C69597,A4745568505,05-01-2024,Online Purchase,1651.73,GBP,8184.18,B630,London,M7529,Merchant_76,POS8179,Credit,4.50621E+15,66,66697,322,Active,Yes,POS,Japan,Non-Compliant
T39104912,C61060,A1617086065,14-12-2022,ATM Withdrawal,87.64,EUR,8019.06,B569,Mumbai,M9938,Merchant_38,POS6304,Credit,4.13699E+15,34,170685,703,Active,Yes,Offline,Japan,Non-Compliant
T18790378,C72458,A5446656437,08-04-2024,Transfer,3436.56,USD,11635.6,B646,London,M2657,Merchant_95,POS3648,Prepaid,4.42834E+15,68,36198,546,Active,No,Offline,UK,Compliant
T53286027,C97492,A1237324370,13-05-2023,Withdrawal,4107.58,INR,4641.52,B414,New York,M3302,Merchant_83,POS5285,Debit,4.92586E+15,53,100166,635,Defaulted,No,POS,India,Compliant
T14325470,C22108,A3017096030,03-09-2024,ATM Withdrawal,4186.22,GBP,6941.91,B529,New York,M1289,Merchant_86,POS3278,Credit,4.36467E+15,69,129587,386,Closed,Yes,POS,UK,Non-Compliant
T33522637,C13504,A5850365741,16-09-2019,Withdrawal,130.41,GBP,2366.3,B456,London,M6990,Merchant_16,POS5604,Debit,4.10664E+15,61,150797,389,Defaulted,No,Online,India,Non-Compliant
T58752068,C62243,A9764349985,13-07-2024,Bill Payment,3351.35,INR,12093.42,B234,London,M6684,Merchant_88,POS6804,Prepaid,4.63171E+15,52,45770,301,Closed,Yes,Offline,UK,Compliant
T92425637,C38136,A3318473571,09-01-2020,Withdrawal,2430.89,EUR,7635.55,B497,London,M9665,Merchant_5,POS4634,Debit,4.47546E+15,66,177311,363,Active,Yes,Offline,India,Non-Compliant
T77954386,C34931,A7485634833,18-11-2019,Bill Payment,2103.07,EUR,7971.35,B268,Mumbai,M3483,Merchant_12,POS4621,Credit,4.70668E+15,24,80095,762,Closed,Yes,Online,USA,Compliant
T50361831,C78813,A9722900662,06-12-2024,Transfer,2528.16,USD,7768.56,B377,New York,M1302,Merchant_38,POS3108,Debit,4.68807E+15,34,65007,824,Defaulted,Yes,ATM,India,Compliant
T80218462,C12106,A6767275753,24-06-2019,Bill Payment,2524.88,INR,9423.35,B171,Berlin,M1878,Merchant_79,POS9760,Prepaid,4.42235E+15,24,109730,351,Defaulted,Yes,Online,Germany,Compliant
T92482838,C33561,A7389024221,17-12-2021,Transfer,4980.56,JPY,10250.06,B847,Mumbai,M3160,Merchant_80,POS3000,Debit,4.24575E+15,71,72767,583,Active,Yes,Offline,India,Compliant
T40728182,C65912,A3497850357,25-07-2022,Bill Payment,2550.58,INR,8600.03,B245,London,M1081,Merchant_25,POS8256,Prepaid,4.71532E+15,72,182771,447,Defaulted,Yes,ATM,USA,Compliant
T29181001,C23584,A2239932787,16-01-2022,Transfer,4668.91,INR,8654.61,B995,Berlin,M3972,Merchant_83,POS2958,Credit,4.58695E+15,48,111145,374,Active,Yes,Online,Japan,Non-Compliant
T89884430,C73126,A3647493466,16-11-2023,Transfer,3448.79,USD,13095.73,B984,London,M1994,Merchant_43,POS2284,Prepaid,4.59139E+15,65,86804,813,Defaulted,No,POS,India,Compliant
T18826881,C92176,A7542150681,25-03-2024,Withdrawal,2813.93,JPY,9320.13,B267,Mumbai,M1375,Merchant_14,POS3270,Credit,4.10198E+15,69,118422,621,Closed,Yes,Offline,Germany,Non-Compliant
T10491300,C92783,A2631119554,03-09-2019,Deposit,3348.97,EUR,4581.33,B363,New York,M8511,Merchant_82,POS5699,Debit,4.51251E+15,19,196001,580,Active,No,POS,UK,Compliant
T33535291,C72940,A1352616743,16-01-2024,ATM Withdrawal,2497.94,JPY,4418.11,B457,New York,M7070,Merchant_84,POS9301,Debit,4.54599E+15,48,132101,686,Not Applicable,Yes,POS,Japan,Non-Compliant
T88658803,C62068,A6603659918,05-07-2019,Deposit,3594.53,JPY,12015.6,B669,Mumbai,M1716,Merchant_81,POS2448,Debit,4.12001E+15,72,183420,397,Closed,No,Offline,India,Non-Compliant
T93010465,C65817,A5521149285,11-11-2020,ATM Withdrawal,2974.05,EUR,7535.96,B465,New York,M1039,Merchant_9,POS3604,Prepaid,4.47194E+15,20,104443,627,Defaulted,No,POS,Germany,Compliant
T92477252,C13620,A9098213522,23-08-2021,Bill Payment,441.16,JPY,8933.19,B587,Mumbai,M6721,Merchant_94,POS8769,Prepaid,4.86307E+15,20,89316,790,Closed,Yes,POS,India,Compliant
T98321702,C21624,A4088944849,05-01-2021,Withdrawal,3452.74,USD,3973.55,B526,Tokyo,M2952,Merchant_98,POS8101,Debit,4.11321E+15,18,26745,618,Defaulted,No,POS,Japan,Non-Compliant
T12232495,C79891,A2478353897,08-08-2023,Transfer,3355.51,EUR,11353.47,B492,Mumbai,M2719,Merchant_100,POS9259,Debit,4.76312E+15,49,152838,403,Defaulted,Yes,POS,USA,Compliant
T30782893,C91824,A4306284523,18-12-2022,Loan Repayment,3721.89,USD,5124.91,B910,Berlin,M7076,Merchant_69,POS1035,Debit,4.87117E+15,27,112002,682,Closed,No,Online,Germany,Compliant
T78168817,C96738,A3320762494,11-09-2019,Deposit,2181.04,USD,11707,B340,Tokyo,M8042,Merchant_82,POS3287,Debit,4.97754E+15,65,24872,694,Not Applicable,No,ATM,India,Non-Compliant
T86429083,C68544,A6321187397,16-12-2023,Deposit,2574.85,EUR,10940.19,B620,New York,M4808,Merchant_13,POS4306,Credit,4.60047E+15,70,52996,574,Defaulted,Yes,Online,Germany,Compliant
T16555811,C21017,A2740621917,14-05-2021,Bill Payment,2301.26,JPY,5550.4,B801,Mumbai,M1480,Merchant_61,POS8205,Prepaid,4.82846E+15,46,115731,746,Closed,Yes,ATM,India,Non-Compliant
T43630032,C28228,A7533152960,21-11-2024,Withdrawal,4794.97,INR,8365.34,B551,Tokyo,M6348,Merchant_73,POS5169,Credit,4.67155E+15,46,22378,771,Active,No,POS,USA,Non-Compliant
T78452459,C20281,A5884533684,06-04-2022,Bill Payment,1777.18,USD,4979.93,B332,Tokyo,M6906,Merchant_17,POS4419,Debit,4.00116E+15,23,33310,657,Defaulted,No,POS,India,Compliant
T46300096,C60523,A5164882441,10-07-2022,Loan Repayment,1661.37,INR,2162.16,B438,London,M6297,Merchant_4,POS3554,Credit,4.73876E+15,57,152386,577,Closed,No,Online,USA,Compliant
T58190756,C42718,A2748724677,16-09-2022,Bill Payment,1748.97,EUR,9914.99,B130,London,M7537,Merchant_89,POS9651,Debit,4.86952E+15,38,172212,487,Closed,Yes,Offline,Germany,Compliant
T76310133,C23587,A9526993995,04-04-2019,Loan Repayment,2564.88,GBP,5124.72,B721,Berlin,M3392,Merchant_22,POS4898,Prepaid,4.10589E+15,25,26767,591,Defaulted,Yes,Offline,UK,Non-Compliant
T59183520,C11325,A1641118806,28-03-2021,Deposit,2997.82,JPY,10110.41,B136,Berlin,M8190,Merchant_4,POS5123,Credit,4.52368E+15,44,105230,711,Not Applicable,No,ATM,Germany,Non-Compliant
T19173183,C72519,A6453624602,11-09-2020,Withdrawal,956.01,EUR,6985.68,B932,Berlin,M2643,Merchant_16,POS5194,Credit,4.20048E+15,69,81432,455,Defaulted,Yes,Offline,USA,Non-Compliant
T13114688,C92924,A6630198345,25-04-2023,Online Purchase,2514.85,USD,12312.92,B379,Mumbai,M2731,Merchant_59,POS9501,Debit,4.37649E+15,31,31279,746,Closed,Yes,POS,USA,Compliant
T77334653,C97649,A8792028552,25-03-2024,Withdrawal,638.91,GBP,10187.39,B677,Berlin,M2624,Merchant_5,POS1121,Credit,4.73952E+15,66,71799,567,Closed,Yes,Online,UK,Compliant
T16964781,C96531,A9276919068,27-12-2024,Transfer,694.35,GBP,9026.37,B472,Mumbai,M9729,Merchant_6,POS3903,Debit,4.66232E+15,73,95932,449,Active,No,ATM,UK,Non-Compliant
T46898978,C32720,A3358932127,01-07-2020,Withdrawal,926.62,INR,10558.4,B909,New York,M9624,Merchant_32,POS4275,Prepaid,4.21334E+15,27,198317,725,Not Applicable,Yes,ATM,Germany,Compliant
T42814848,C72130,A9494427111,13-10-2019,Loan Repayment,1469.06,GBP,3659.9,B475,Berlin,M5290,Merchant_48,POS8048,Prepaid,4.76352E+15,22,42017,569,Closed,Yes,Online,UK,Compliant
T80842078,C15727,A7446597426,16-09-2022,Withdrawal,2643.71,INR,4037.7,B573,New York,M5556,Merchant_74,POS8516,Prepaid,4.56177E+15,20,28930,791,Closed,No,Online,Japan,Compliant
T91120195,C77671,A2282176062,06-09-2024,Withdrawal,3411.85,JPY,6975.44,B983,Berlin,M9480,Merchant_37,POS6154,Debit,4.91793E+15,63,90774,388,Active,Yes,ATM,UK,Non-Compliant
T22393568,C70195,A2905715812,11-02-2019,Loan Repayment,1182.54,INR,6058.46,B898,New York,M6407,Merchant_42,POS7006,Debit,4.04289E+15,48,183733,633,Closed,No,Online,Germany,Non-Compliant
T37530547,C66971,A9790230436,27-04-2022,Withdrawal,4277.83,USD,8934.03,B290,Mumbai,M7818,Merchant_12,POS4675,Credit,4.79485E+15,73,35341,794,Closed,No,Offline,USA,Non-Compliant
T10133085,C29003,A7169943339,16-07-2024,Bill Payment,2988.85,EUR,7628.37,B152,Berlin,M8018,Merchant_42,POS7474,Debit,4.75227E+15,18,109233,650,Active,No,Online,USA,Compliant
T55805428,C55613,A6622893721,12-06-2023,Loan Repayment,2696.19,GBP,7308.25,B756,London,M9252,Merchant_80,POS9929,Debit,4.04505E+15,74,104005,768,Defaulted,Yes,Online,Germany,Compliant
T96828032,C11528,A5242990385,18-10-2024,Online Purchase,4453.78,EUR,8542.2,B603,Berlin,M6433,Merchant_98,POS8658,Credit,4.6267E+15,20,192922,719,Closed,No,ATM,Germany,Compliant
T86539349,C55413,A5066212657,25-01-2020,Online Purchase,846.36,INR,9708.66,B725,Berlin,M6728,Merchant_36,POS9409,Prepaid,4.87196E+15,41,158406,616,Defaulted,No,Offline,USA,Compliant
T93091208,C15868,A5109667680,28-08-2023,Loan Repayment,1261.64,JPY,8194.66,B550,New York,M7997,Merchant_17,POS9372,Prepaid,4.71213E+15,43,198878,706,Active,No,Offline,USA,Compliant
T63947334,C43697,A1560704343,23-04-2023,Withdrawal,1646.6,INR,6879.44,B725,Tokyo,M3104,Merchant_28,POS4776,Debit,4.15167E+15,44,129376,790,Not Applicable,Yes,Online,India,Compliant
T86861311,C78140,A4312049271,20-07-2023,Bill Payment,3024.29,INR,10441.18,B438,Tokyo,M8779,Merchant_7,POS6972,Credit,4.89353E+15,69,58202,304,Defaulted,Yes,Online,Japan,Non-Compliant
T12091077,C98403,A1347474382,11-10-2021,Withdrawal,1159.12,JPY,8770.35,B591,Berlin,M6574,Merchant_64,POS6618,Debit,4.20825E+15,51,102985,599,Defaulted,No,Online,Germany,Non-Compliant
T16324819,C45151,A6782592747,07-08-2021,Loan Repayment,2185.86,INR,8703.3,B939,New York,M5779,Merchant_76,POS7534,Prepaid,4.32903E+15,19,31388,325,Defaulted,No,POS,USA,Compliant
T81141486,C51220,A3208466240,03-03-2022,Bill Payment,855.25,JPY,8341.67,B981,New York,M9860,Merchant_64,POS3882,Prepaid,4.4827E+15,47,199508,810,Not Applicable,No,Online,UK,Non-Compliant
T13776213,C17632,A5368764533,25-02-2022,Loan Repayment,4178.92,GBP,12737.29,B355,London,M6906,Merchant_37,POS5109,Debit,4.2079E+15,23,45583,323,Not Applicable,No,POS,UK,Non-Compliant
T68729085,C25879,A8056070663,14-09-2019,Transfer,4426.33,INR,13949.16,B693,Mumbai,M4151,Merchant_29,POS5964,Prepaid,4.07461E+15,62,23291,435,Not Applicable,Yes,POS,Germany,Non-Compliant
T74443439,C10211,A5935624259,03-02-2019,ATM Withdrawal,266.23,GBP,4376.07,B692,Berlin,M9732,Merchant_96,POS3225,Prepaid,4.77557E+15,31,101336,666,Active,No,Offline,India,Compliant
T95899631,C30931,A7339097399,07-01-2019,Online Purchase,1589.29,JPY,7064.26,B134,Tokyo,M6204,Merchant_12,POS2489,Prepaid,4.75624E+15,63,199512,782,Closed,Yes,Offline,India,Non-Compliant
T73615666,C90891,A7153945903,21-09-2021,Bill Payment,1248.74,USD,5113.5,B833,New York,M1417,Merchant_100,POS5245,Debit,4.42349E+15,59,139405,492,Active,No,Online,UK,Compliant
T81522475,C45439,A7777967095,17-11-2021,Loan Repayment,4179.69,JPY,9652.75,B448,Mumbai,M8644,Merchant_41,POS4738,Credit,4.82254E+15,67,172838,720,Not Applicable,Yes,Offline,USA,Compliant
T51897496,C26532,A4264119603,17-01-2019,Bill Payment,2594.23,GBP,4302.27,B117,London,M6133,Merchant_90,POS3244,Prepaid,4.82443E+15,71,49409,496,Active,No,ATM,USA,Compliant
T82759667,C98102,A3312541226,06-11-2024,Online Purchase,3412.04,INR,10881.09,B158,London,M9753,Merchant_32,POS1586,Debit,4.16577E+15,39,144604,415,Active,Yes,Offline,Germany,Compliant
T56776322,C16834,A2971293787,07-12-2021,Transfer,761.13,EUR,9002.23,B194,Tokyo,M6584,Merchant_63,POS5930,Debit,4.72452E+15,74,21829,739,Defaulted,Yes,Online,UK,Non-Compliant
T99483024,C19465,A2885294338,13-06-2019,Deposit,3367.22,EUR,9986.63,B876,Tokyo,M5273,Merchant_86,POS9947,Credit,4.67336E+15,48,128829,395,Active,No,POS,India,Non-Compliant
T23942268,C12376,A4008367150,05-03-2021,Transfer,3439.06,JPY,7130.44,B574,Mumbai,M8658,Merchant_70,POS5188,Debit,4.07843E+15,24,88252,634,Active,Yes,ATM,USA,Non-Compliant
T64173602,C11695,A3159432878,12-11-2019,Loan Repayment,2421.84,JPY,9881.18,B606,London,M1032,Merchant_56,POS6316,Credit,4.55368E+15,50,129901,607,Defaulted,Yes,POS,USA,Compliant
T87663305,C95267,A1309599867,05-11-2021,Online Purchase,485.37,JPY,7989.59,B821,New York,M9735,Merchant_68,POS7285,Credit,4.11417E+15,64,182693,430,Defaulted,Yes,Offline,Japan,Compliant
T70821878,C78245,A3293729247,24-12-2019,Withdrawal,1196.7,EUR,1936.63,B625,Berlin,M2205,Merchant_69,POS2915,Credit,4.56839E+15,36,103923,799,Defaulted,Yes,POS,Japan,Compliant
T66227705,C17650,A4581668069,01-06-2024,Loan Repayment,186.64,INR,10118.65,B124,Berlin,M4812,Merchant_76,POS7790,Credit,4.93843E+15,55,144330,595,Closed,No,POS,Japan,Non-Compliant
T18418825,C35927,A7477290104,13-04-2021,Online Purchase,1158.83,EUR,5261.54,B838,Mumbai,M7701,Merchant_44,POS7765,Prepaid,4.70553E+15,70,32098,360,Defaulted,Yes,Online,Germany,Non-Compliant
T25082426,C52104,A8130545368,04-04-2019,ATM Withdrawal,3351.14,INR,13134.33,B485,New York,M2137,Merchant_70,POS4382,Prepaid,4.31517E+15,50,159274,789,Closed,No,Online,India,Compliant
T28310593,C23798,A1831513295,27-03-2021,Bill Payment,4983.06,INR,7321.51,B561,London,M4028,Merchant_97,POS6451,Prepaid,4.43967E+15,18,32800,303,Active,No,ATM,Japan,Non-Compliant
T37201435,C75139,A7930778448,10-03-2023,Withdrawal,4820.5,GBP,13201.19,B719,Berlin,M9791,Merchant_88,POS5841,Prepaid,4.48395E+15,60,177116,795,Closed,Yes,Offline,UK,Non-Compliant
T69045017,C76163,A6520566144,03-06-2024,Deposit,3110.27,INR,8020.51,B204,Mumbai,M1206,Merchant_48,POS9250,Prepaid,4.50229E+15,38,193074,462,Closed,Yes,Offline,Germany,Compliant
T30691024,C20955,A1166931498,23-01-2019,ATM Withdrawal,4938.88,INR,5871.56,B349,Mumbai,M9652,Merchant_98,POS9207,Prepaid,4.69334E+15,54,195184,717,Closed,No,ATM,UK,Non-Compliant
T19142236,C32051,A7620224070,24-03-2020,Withdrawal,4177.6,USD,6602.07,B956,Berlin,M2133,Merchant_52,POS3688,Debit,4.52742E+15,20,118404,374,Active,No,Offline,Germany,Compliant
T80745319,C35447,A2612948385,03-04-2021,Loan Repayment,1762.3,EUR,10138.33,B755,Tokyo,M5264,Merchant_14,POS1474,Debit,4.6553E+15,53,64937,756,Not Applicable,Yes,POS,UK,Non-Compliant
T64047377,C11715,A2097996209,19-05-2024,ATM Withdrawal,2551.92,INR,3870.93,B954,Berlin,M8486,Merchant_86,POS6659,Credit,4.79099E+15,20,137900,568,Defaulted,Yes,POS,Germany,Non-Compliant
T95021356,C81480,A9249702702,25-03-2019,Withdrawal,3970.51,USD,12199.92,B663,Mumbai,M4063,Merchant_46,POS2229,Prepaid,4.53555E+15,26,121680,385,Active,Yes,Offline,UK,Non-Compliant
T16201995,C60674,A3379093901,03-09-2023,Online Purchase,3775.96,EUR,5587.13,B957,London,M9897,Merchant_57,POS3561,Credit,4.23212E+15,38,45568,449,Defaulted,No,ATM,Japan,Non-Compliant
T51221360,C37113,A1560980254,04-10-2023,Loan Repayment,1890.7,INR,11303.78,B534,New York,M7976,Merchant_69,POS9189,Debit,4.98818E+15,65,126290,305,Defaulted,No,Offline,USA,Compliant
T85311807,C52878,A4866196936,03-08-2024,ATM Withdrawal,2823.76,EUR,5960.43,B409,Berlin,M6731,Merchant_6,POS2248,Prepaid,4.66004E+15,60,68069,611,Active,Yes,POS,Germany,Compliant
T88988103,C14829,A2124025845,07-01-2020,Online Purchase,4740.06,USD,14682.79,B530,Tokyo,M9746,Merchant_87,POS8719,Debit,4.95571E+15,21,179726,812,Defaulted,No,Online,Japan,Non-Compliant
T69741910,C35470,A6120005572,26-06-2023,ATM Withdrawal,1976.21,EUR,10019.3,B947,London,M3623,Merchant_5,POS5756,Prepaid,4.26351E+15,62,171683,769,Not Applicable,Yes,Offline,India,Compliant
T62846855,C13126,A9030013263,02-12-2023,Bill Payment,661.65,JPY,5761.02,B655,Tokyo,M3493,Merchant_48,POS9161,Credit,4.9618E+15,59,92212,591,Not Applicable,Yes,POS,UK,Compliant
T84263492,C79108,A1800843673,11-06-2021,Withdrawal,763.2,USD,4022.22,B272,Tokyo,M2783,Merchant_23,POS4941,Debit,4.92187E+15,48,36863,840,Defaulted,Yes,Online,USA,Non-Compliant
T87519152,C37323,A9554760809,21-05-2021,Transfer,4471.44,EUR,5593.3,B853,Mumbai,M8533,Merchant_24,POS9767,Debit,4.5865E+15,34,46344,689,Active,No,ATM,Japan,Non-Compliant
T36589447,C19470,A8132731190,06-11-2022,Online Purchase,1360.68,JPY,2400.33,B974,Tokyo,M8048,Merchant_83,POS5383,Credit,4.40173E+15,53,155571,809,Closed,No,POS,USA,Non-Compliant
T59320799,C84853,A3891952937,14-04-2023,ATM Withdrawal,3732.1,USD,7203.71,B358,Berlin,M8125,Merchant_32,POS2396,Credit,4.56571E+15,57,147625,422,Not Applicable,Yes,POS,USA,Non-Compliant
T11732532,C45758,A6587996775,18-09-2021,Bill Payment,915.19,GBP,2079.72,B995,New York,M1478,Merchant_23,POS7304,Debit,4.48419E+15,20,104967,578,Active,No,Online,UK,Non-Compliant
T34209643,C47319,A9516965722,16-02-2023,Transfer,3196.14,EUR,13167.91,B473,London,M6328,Merchant_91,POS7232,Credit,4.78462E+15,22,198289,642,Not Applicable,No,ATM,USA,Compliant
T61284438,C22323,A7297369446,17-11-2024,Withdrawal,3621.92,USD,4245.42,B654,Mumbai,M2650,Merchant_10,POS8715,Credit,4.12374E+15,71,40056,438,Active,No,ATM,UK,Compliant
T49991336,C35268,A8438966560,19-10-2022,ATM Withdrawal,128.69,EUR,3992.45,B173,Tokyo,M9549,Merchant_63,POS6382,Credit,4.51904E+15,75,66847,400,Closed,Yes,ATM,UK,Compliant
T79314826,C24005,A5155381841,19-11-2023,ATM Withdrawal,3622.86,USD,11768.86,B929,Berlin,M8268,Merchant_88,POS6688,Debit,4.58894E+15,72,103739,384,Defaulted,No,POS,Germany,Compliant
T38218476,C64467,A9416088647,22-09-2023,ATM Withdrawal,1944.73,INR,8416.59,B791,Berlin,M3725,Merchant_65,POS6513,Credit,4.63613E+15,20,55583,358,Defaulted,No,ATM,USA,Non-Compliant
T83113225,C59283,A5010452128,17-11-2021,Withdrawal,3191.08,EUR,8179.74,B183,London,M9625,Merchant_33,POS1716,Debit,4.94617E+15,38,142113,771,Closed,Yes,Online,Japan,Compliant
T37836532,C77967,A4122121395,22-05-2019,Withdrawal,327.4,GBP,9187.07,B547,Berlin,M3717,Merchant_11,POS9247,Prepaid,4.12944E+15,52,65839,610,Not Applicable,No,Offline,India,Compliant
T62548707,C75240,A9849953600,10-02-2021,Loan Repayment,82.07,INR,4002.34,B562,Tokyo,M2899,Merchant_65,POS4587,Prepaid,4.46612E+15,55,23376,433,Not Applicable,Yes,Online,India,Compliant
T92866704,C68897,A5637433617,24-02-2022,Transfer,4697.66,GBP,6979.02,B698,Berlin,M7461,Merchant_3,POS3272,Credit,4.33317E+15,18,70976,498,Not Applicable,Yes,Online,UK,Non-Compliant
T78146049,C69680,A8844210193,28-06-2023,Loan Repayment,2974.32,EUR,9640.44,B888,Mumbai,M2411,Merchant_20,POS3645,Prepaid,4.03307E+15,59,21339,610,Closed,Yes,ATM,India,Non-Compliant
T51626965,C43960,A5186925291,10-07-2024,Transfer,3852.85,EUR,11112.26,B722,Mumbai,M7760,Merchant_22,POS9708,Debit,4.46757E+15,66,172438,780,Defaulted,Yes,Online,UK,Non-Compliant
T46944319,C51030,A4330431936,23-11-2019,Transfer,1544.01,INR,8042.52,B166,Tokyo,M2220,Merchant_76,POS7056,Debit,4.26257E+15,37,34725,480,Defaulted,No,ATM,UK,Non-Compliant
T96568033,C38512,A2788399829,04-11-2023,Deposit,3193.08,INR,10640.75,B865,New York,M5868,Merchant_42,POS1122,Debit,4.49818E+15,38,179228,780,Not Applicable,Yes,Online,Japan,Compliant
T89361491,C84559,A7332667236,15-11-2021,Loan Repayment,1658.69,EUR,5960.67,B148,Mumbai,M9260,Merchant_7,POS2460,Debit,4.22498E+15,32,63962,845,Active,No,ATM,UK,Non-Compliant
T99163180,C80627,A7736731588,23-03-2022,Withdrawal,17.65,JPY,2002.93,B293,Tokyo,M2437,Merchant_54,POS7597,Debit,4.22369E+15,51,149486,365,Not Applicable,Yes,Offline,Germany,Compliant
T85911032,C62772,A7024122146,18-08-2024,Bill Payment,2493.14,EUR,6180.62,B499,Tokyo,M3402,Merchant_75,POS3473,Prepaid,4.70003E+15,39,91038,742,Not Applicable,Yes,POS,Germany,Non-Compliant
T66752597,C30685,A5589917884,24-04-2020,Deposit,3104.71,GBP,8042.93,B938,Tokyo,M1670,Merchant_8,POS5501,Credit,4.29309E+15,72,107311,704,Closed,No,Offline,USA,Compliant
T75955085,C39035,A5820626367,22-09-2022,Transfer,3495.82,INR,5416.01,B560,Tokyo,M3123,Merchant_49,POS2672,Debit,4.12169E+15,58,169212,447,Closed,No,ATM,Germany,Non-Compliant
T73632616,C57996,A5972198580,28-01-2019,Bill Payment,399.07,JPY,10031.32,B163,Tokyo,M6042,Merchant_7,POS1567,Credit,4.91957E+15,34,146430,730,Not Applicable,No,Online,India,Compliant
T16121487,C95558,A2245876339,01-09-2021,Deposit,3071.63,EUR,11626.2,B209,Tokyo,M7450,Merchant_61,POS2223,Credit,4.38524E+15,33,181181,545,Active,Yes,Offline,UK,Non-Compliant
T35007028,C48323,A5146079537,21-11-2020,Bill Payment,2147.19,INR,8437.21,B103,Tokyo,M2939,Merchant_2,POS3062,Debit,4.03844E+15,49,66538,830,Not Applicable,No,ATM,Japan,Non-Compliant
T18384348,C95959,A9453716880,13-11-2020,Bill Payment,1428.29,EUR,10273.04,B201,London,M1348,Merchant_37,POS6724,Debit,4.69266E+15,62,120061,350,Not Applicable,Yes,ATM,UK,Non-Compliant
T66214427,C13036,A7820267835,13-02-2019,ATM Withdrawal,1192.96,EUR,3299.82,B368,Tokyo,M3350,Merchant_81,POS8580,Debit,4.22474E+15,64,58328,808,Defaulted,No,Online,Germany,Compliant
T55668023,C92719,A7661890508,19-02-2020,Online Purchase,2260.4,EUR,6178.71,B566,Mumbai,M3134,Merchant_18,POS3206,Credit,4.30489E+15,39,54986,771,Closed,Yes,Offline,UK,Compliant
T10272326,C18368,A5833677210,23-06-2019,Online Purchase,4143.65,GBP,9731.98,B279,Mumbai,M9416,Merchant_95,POS2096,Debit,4.96658E+15,69,88101,377,Closed,Yes,ATM,Germany,Compliant
T38004006,C76831,A3434657628,17-06-2024,Loan Repayment,4381.19,INR,4961.15,B810,Berlin,M2377,Merchant_98,POS3389,Debit,4.66246E+15,33,113805,367,Defaulted,No,POS,Germany,Non-Compliant
T65583360,C79496,A6691254431,17-05-2021,Transfer,2218.75,GBP,10854.45,B953,Mumbai,M4638,Merchant_65,POS3747,Debit,4.85976E+15,58,145003,301,Defaulted,No,ATM,India,Non-Compliant
T77055819,C37194,A1814368361,11-10-2021,Deposit,456.09,EUR,8942.46,B284,Mumbai,M5514,Merchant_35,POS2663,Credit,4.28619E+15,49,135428,633,Defaulted,No,ATM,Germany,Compliant
T39219579,C14845,A3351915129,27-05-2023,Bill Payment,3140.73,GBP,9751.63,B383,London,M7103,Merchant_34,POS8306,Credit,4.82902E+15,19,132069,453,Defaulted,Yes,ATM,USA,Compliant
T65632831,C92244,A4110003758,03-06-2020,Bill Payment,1045.66,USD,5531.66,B661,Berlin,M5206,Merchant_14,POS1320,Prepaid,4.78543E+15,58,170445,775,Active,Yes,Offline,India,Non-Compliant
T20989945,C36543,A1264529583,24-06-2020,Transfer,3895.46,USD,6556.9,B295,Mumbai,M7480,Merchant_49,POS3141,Prepaid,4.41943E+15,70,115500,532,Defaulted,Yes,Online,Germany,Non-Compliant
T29859798,C54628,A6559934811,02-11-2020,Withdrawal,4677.35,JPY,10221.97,B486,New York,M8594,Merchant_96,POS5892,Prepaid,4.28545E+15,48,130626,782,Closed,Yes,POS,India,Non-Compliant
T43232286,C91698,A7816401249,15-09-2022,ATM Withdrawal,2771.88,EUR,6677.73,B841,Tokyo,M9894,Merchant_21,POS6401,Debit,4.72438E+15,72,187567,765,Closed,No,Offline,USA,Non-Compliant
T96840587,C87223,A3647061986,21-12-2024,Deposit,920.05,EUR,9251.91,B591,New York,M4825,Merchant_8,POS3627,Credit,4.27111E+15,31,76561,488,Defaulted,Yes,POS,USA,Compliant
T79755784,C33574,A1606436400,24-09-2023,Withdrawal,2283.79,EUR,6318.24,B771,Berlin,M1232,Merchant_74,POS9517,Credit,4.61914E+15,22,55657,405,Active,Yes,POS,UK,Compliant
T40784318,C52876,A3642418088,19-10-2020,Bill Payment,1839.8,INR,10811.53,B145,Tokyo,M2544,Merchant_22,POS1797,Debit,4.46523E+15,49,167671,382,Defaulted,No,Offline,UK,Non-Compliant
T27964909,C13624,A3795453748,05-08-2024,Loan Repayment,2989.45,EUR,3855.17,B478,New York,M4602,Merchant_3,POS3468,Credit,4.41083E+15,62,42661,446,Defaulted,No,ATM,India,Non-Compliant
T55162506,C47098,A6209127478,24-05-2020,Deposit,1209.71,EUR,8768.28,B913,London,M3760,Merchant_26,POS1826,Credit,4.39967E+15,74,57684,360,Active,Yes,ATM,India,Compliant
T62620512,C59303,A1994393964,12-03-2019,Transfer,711.52,GBP,2910.4,B307,Berlin,M6827,Merchant_93,POS1211,Debit,4.39881E+15,22,41408,306,Active,Yes,Online,UK,Compliant
T75944108,C66567,A5964382705,02-12-2020,Bill Payment,723.25,JPY,7853.69,B667,London,M4933,Merchant_14,POS9788,Debit,4.55526E+15,49,94411,357,Not Applicable,No,ATM,India,Non-Compliant
T85539963,C80258,A5321754004,21-03-2024,Transfer,795.46,INR,5061.2,B722,Berlin,M7143,Merchant_14,POS1387,Prepaid,4.39254E+15,39,150286,352,Closed,Yes,POS,USA,Compliant
T30074528,C62216,A3855744743,21-04-2021,ATM Withdrawal,1590.45,USD,5798.66,B132,Mumbai,M1196,Merchant_49,POS9878,Credit,4.27406E+15,39,118744,372,Defaulted,No,POS,UK,Compliant
T65870021,C78311,A5763420564,09-09-2023,Bill Payment,1492.4,USD,5735.77,B920,New York,M4300,Merchant_46,POS4855,Prepaid,4.27446E+15,74,187685,391,Active,No,Online,Japan,Compliant
T42444182,C41511,A8566337268,02-01-2022,Deposit,4314.84,INR,7130.66,B641,New York,M8525,Merchant_34,POS2819,Credit,4.95321E+15,21,133006,756,Defaulted,Yes,Offline,Japan,Non-Compliant
T42107614,C35502,A9130276663,11-01-2023,Loan Repayment,3631.54,USD,10231,B433,Berlin,M7804,Merchant_55,POS4039,Credit,4.12724E+15,42,139191,459,Closed,Yes,ATM,UK,Compliant
T59064837,C88610,A5052225414,02-08-2020,Withdrawal,4703.4,EUR,14243.45,B361,Mumbai,M5269,Merchant_24,POS9465,Debit,4.31645E+15,61,190405,826,Not Applicable,No,Offline,Germany,Compliant
T96237692,C59629,A4518439301,07-05-2023,Bill Payment,3484.44,JPY,13272.73,B956,New York,M3191,Merchant_76,POS8619,Credit,4.27636E+15,58,176491,812,Closed,Yes,Online,UK,Non-Compliant
T10526435,C79611,A3640978474,02-08-2022,Deposit,2024.33,JPY,3468.24,B725,New York,M1041,Merchant_32,POS4266,Prepaid,4.28876E+15,32,45732,800,Active,Yes,ATM,India,Compliant
T78924171,C38799,A8887635813,07-06-2023,Deposit,2692.51,USD,8323.68,B268,Berlin,M7224,Merchant_89,POS4880,Credit,4.07766E+15,40,145735,681,Defaulted,Yes,Online,Japan,Compliant
T33862050,C65087,A4889429742,09-01-2023,Transfer,4730.81,EUR,6488.72,B932,Tokyo,M9443,Merchant_19,POS5074,Credit,4.76106E+15,42,108441,401,Closed,No,POS,India,Compliant
T15165586,C73633,A4332461518,19-04-2023,Loan Repayment,3458.21,USD,4182.79,B211,Mumbai,M1528,Merchant_73,POS3621,Prepaid,4.10882E+15,44,151347,669,Active,Yes,POS,USA,Compliant
